country,iso2c,iso3c,year,rd_expenditure_pct
Africa Eastern and Southern,ZH,AFE,2010,0.586779084367876
Africa Eastern and Southern,ZH,AFE,2007,0.659864661576848
Africa Eastern and Southern,ZH,AFE,2005,0.626592924758238
Africa Eastern and Southern,ZH,AFE,2004,0.626100578625712
Africa Eastern and Southern,ZH,AFE,2003,0.594539921118996
Africa Western and Central,ZI,AFW,2019,0.278252142202904
Africa Western and Central,ZI,AFW,2007,0.152009194879664
Arab World,1A,ARB,2021,0.697916312422648
Arab World,1A,ARB,2020,0.701839355884964
Arab World,1A,ARB,2011,0.553661817120459
Central Europe and the Baltics,B8,CEB,2022,1.31269465137523
Central Europe and the Baltics,B8,CEB,2021,1.33065030724772
Central Europe and the Baltics,B8,CEB,2020,1.30792868291217
Central Europe and the Baltics,B8,CEB,2019,1.24787933328716
Central Europe and the Baltics,B8,CEB,2018,1.19333758224903
Central Europe and the Baltics,B8,CEB,2017,1.08633984077123
Central Europe and the Baltics,B8,CEB,2016,1.02647720261942
Central Europe and the Baltics,B8,CEB,2015,1.14114771793198
Central Europe and the Baltics,B8,CEB,2014,1.09109580261363
Central Europe and the Baltics,B8,CEB,2013,1.06559504996338
Central Europe and the Baltics,B8,CEB,2012,1.05262844564167
Central Europe and the Baltics,B8,CEB,2011,0.953447976991674
Central Europe and the Baltics,B8,CEB,2010,0.87215379023258
Central Europe and the Baltics,B8,CEB,2009,0.824542627110549
Central Europe and the Baltics,B8,CEB,2008,0.780852158547137
Central Europe and the Baltics,B8,CEB,2007,0.755530116884334
Central Europe and the Baltics,B8,CEB,2006,0.751262659264711
Central Europe and the Baltics,B8,CEB,2005,0.735030027184527
Central Europe and the Baltics,B8,CEB,2004,0.734040263274108
Central Europe and the Baltics,B8,CEB,2003,0.73085129607833
Central Europe and the Baltics,B8,CEB,2002,0.738595467307033
Central Europe and the Baltics,B8,CEB,2001,0.749544672396299
Central Europe and the Baltics,B8,CEB,2000,0.745471517360599
Early-demographic dividend,V2,EAR,2020,0.823362519521393
Early-demographic dividend,V2,EAR,2019,0.763520191467901
Early-demographic dividend,V2,EAR,2018,0.736572643022546
Early-demographic dividend,V2,EAR,2017,0.720939037424324
Early-demographic dividend,V2,EAR,2016,0.753106135026974
Early-demographic dividend,V2,EAR,2015,0.716482818649591
Early-demographic dividend,V2,EAR,2013,0.62149364471065
Early-demographic dividend,V2,EAR,2012,0.700380182969944
Early-demographic dividend,V2,EAR,2011,0.710900001916456
Early-demographic dividend,V2,EAR,2010,0.720515154083905
Early-demographic dividend,V2,EAR,2009,0.61458200348047
Early-demographic dividend,V2,EAR,2008,0.680477134527831
Early-demographic dividend,V2,EAR,2007,0.643559992768499
Early-demographic dividend,V2,EAR,2006,0.628832730941399
Early-demographic dividend,V2,EAR,2005,0.602268707349142
Early-demographic dividend,V2,EAR,2004,0.613681003059709
Early-demographic dividend,V2,EAR,2003,0.604360667456835
Early-demographic dividend,V2,EAR,2002,0.622448428664023
Early-demographic dividend,V2,EAR,2001,0.605678465802764
Early-demographic dividend,V2,EAR,2000,0.592287098189887
East Asia & Pacific,Z4,EAS,2022,2.82855674974567
East Asia & Pacific,Z4,EAS,2021,2.63617390243184
East Asia & Pacific,Z4,EAS,2020,2.58570735599471
East Asia & Pacific,Z4,EAS,2019,2.40105645942139
East Asia & Pacific,Z4,EAS,2018,2.36176756840058
East Asia & Pacific,Z4,EAS,2017,2.32062696054121
East Asia & Pacific,Z4,EAS,2016,2.34324906227084
East Asia & Pacific,Z4,EAS,2015,2.32510467983346
East Asia & Pacific,Z4,EAS,2014,2.4763717684967
East Asia & Pacific,Z4,EAS,2013,2.27951683548656
East Asia & Pacific,Z4,EAS,2012,2.48353619845904
East Asia & Pacific,Z4,EAS,2011,2.32887135089794
East Asia & Pacific,Z4,EAS,2010,2.39654257840267
East Asia & Pacific,Z4,EAS,2009,2.24742572897725
East Asia & Pacific,Z4,EAS,2008,2.34899778426741
East Asia & Pacific,Z4,EAS,2007,2.34636789993577
East Asia & Pacific,Z4,EAS,2006,2.39454977708492
East Asia & Pacific,Z4,EAS,2005,2.39353265085718
East Asia & Pacific,Z4,EAS,2004,2.31143275351374
East Asia & Pacific,Z4,EAS,2003,2.32503774514453
East Asia & Pacific,Z4,EAS,2002,2.24274721477805
East Asia & Pacific,Z4,EAS,2001,2.27732981766751
East Asia & Pacific,Z4,EAS,2000,2.23158477402329
East Asia & Pacific (excluding high income),4E,EAP,2022,2.5080032382574
East Asia & Pacific (excluding high income),4E,EAP,2021,2.35197635135712
East Asia & Pacific (excluding high income),4E,EAP,2020,2.20114885696099
East Asia & Pacific (excluding high income),4E,EAP,2019,2.02767686439888
East Asia & Pacific (excluding high income),4E,EAP,2018,1.9155580870713
East Asia & Pacific (excluding high income),4E,EAP,2017,1.90349870730057
East Asia & Pacific (excluding high income),4E,EAP,2016,1.90649738312386
East Asia & Pacific (excluding high income),4E,EAP,2015,1.90812580771348
East Asia & Pacific (excluding high income),4E,EAP,2014,1.94307855880858
East Asia & Pacific (excluding high income),4E,EAP,2013,1.71175655422743
East Asia & Pacific (excluding high income),4E,EAP,2012,1.88122623315018
East Asia & Pacific (excluding high income),4E,EAP,2011,1.61625738946346
East Asia & Pacific (excluding high income),4E,EAP,2010,1.68531094912292
East Asia & Pacific (excluding high income),4E,EAP,2009,1.40380777269711
East Asia & Pacific (excluding high income),4E,EAP,2008,1.34581535770732
East Asia & Pacific (excluding high income),4E,EAP,2007,1.24677715214486
East Asia & Pacific (excluding high income),4E,EAP,2006,1.24929117013326
East Asia & Pacific (excluding high income),4E,EAP,2005,1.17879907411353
East Asia & Pacific (excluding high income),4E,EAP,2004,1.1066161470508
East Asia & Pacific (excluding high income),4E,EAP,2003,1.00542495098984
East Asia & Pacific (excluding high income),4E,EAP,2002,0.910531317628993
East Asia & Pacific (excluding high income),4E,EAP,2001,0.798871770384659
East Asia & Pacific (excluding high income),4E,EAP,2000,0.729039695052388
East Asia & Pacific (IDA & IBRD countries),T4,TEA,2022,2.50800323825739
East Asia & Pacific (IDA & IBRD countries),T4,TEA,2021,2.35197635135713
East Asia & Pacific (IDA & IBRD countries),T4,TEA,2020,2.20114885696099
East Asia & Pacific (IDA & IBRD countries),T4,TEA,2019,2.02767686439888
East Asia & Pacific (IDA & IBRD countries),T4,TEA,2018,1.9155580870713
East Asia & Pacific (IDA & IBRD countries),T4,TEA,2017,1.90349870730057
East Asia & Pacific (IDA & IBRD countries),T4,TEA,2016,1.90649738312386
East Asia & Pacific (IDA & IBRD countries),T4,TEA,2015,1.90812580771348
East Asia & Pacific (IDA & IBRD countries),T4,TEA,2014,1.94307855880858
East Asia & Pacific (IDA & IBRD countries),T4,TEA,2013,1.71175655422743
East Asia & Pacific (IDA & IBRD countries),T4,TEA,2012,1.88122623315018
East Asia & Pacific (IDA & IBRD countries),T4,TEA,2011,1.61625738946346
East Asia & Pacific (IDA & IBRD countries),T4,TEA,2010,1.68531094912292
East Asia & Pacific (IDA & IBRD countries),T4,TEA,2009,1.40380777269711
East Asia & Pacific (IDA & IBRD countries),T4,TEA,2008,1.34581535770732
East Asia & Pacific (IDA & IBRD countries),T4,TEA,2007,1.24677715214486
East Asia & Pacific (IDA & IBRD countries),T4,TEA,2006,1.24929117013326
East Asia & Pacific (IDA & IBRD countries),T4,TEA,2005,1.17879907411353
East Asia & Pacific (IDA & IBRD countries),T4,TEA,2004,1.1066161470508
East Asia & Pacific (IDA & IBRD countries),T4,TEA,2003,1.00542495098984
East Asia & Pacific (IDA & IBRD countries),T4,TEA,2002,0.910531317628993
East Asia & Pacific (IDA & IBRD countries),T4,TEA,2001,0.798871770384659
East Asia & Pacific (IDA & IBRD countries),T4,TEA,2000,0.729039695052388
Euro area,XC,EMU,2022,2.28025353698766
Euro area,XC,EMU,2021,2.29182485666024
Euro area,XC,EMU,2020,2.32864049520296
Euro area,XC,EMU,2019,2.25511820863473
Euro area,XC,EMU,2018,2.21210593376008
Euro area,XC,EMU,2017,2.17906025679569
Euro area,XC,EMU,2016,2.13915697315023
Euro area,XC,EMU,2015,2.13534859330667
Euro area,XC,EMU,2014,2.14554888352584
Euro area,XC,EMU,2013,2.11405459823651
Euro area,XC,EMU,2012,2.09528226696648
Euro area,XC,EMU,2011,2.03904575192516
Euro area,XC,EMU,2010,1.99326276130942
Euro area,XC,EMU,2009,1.98665599771627
Euro area,XC,EMU,2008,1.89006950236081
Euro area,XC,EMU,2007,1.80634964245776
Euro area,XC,EMU,2006,1.80096341626474
Euro area,XC,EMU,2005,1.78004147375882
Euro area,XC,EMU,2004,1.78336954181276
Euro area,XC,EMU,2003,1.80563268813265
Euro area,XC,EMU,2002,1.83726606672118
Euro area,XC,EMU,2001,1.79663514229583
Euro area,XC,EMU,2000,1.80783827208225
Europe & Central Asia,Z7,ECS,2022,1.97183153667546
Europe & Central Asia,Z7,ECS,2021,2.18510611754426
Europe & Central Asia,Z7,ECS,2020,2.2004973536204
Europe & Central Asia,Z7,ECS,2019,2.13391885912954
Europe & Central Asia,Z7,ECS,2018,2.07614802000775
Europe & Central Asia,Z7,ECS,2017,2.03761530702517
Europe & Central Asia,Z7,ECS,2016,1.98485653786509
Europe & Central Asia,Z7,ECS,2015,2.00029748572469
Europe & Central Asia,Z7,ECS,2014,1.92965357378061
Europe & Central Asia,Z7,ECS,2013,1.80890206203512
Europe & Central Asia,Z7,ECS,2012,1.82742100518648
Europe & Central Asia,Z7,ECS,2011,1.7830729059603
Europe & Central Asia,Z7,ECS,2010,1.7765652879188
Europe & Central Asia,Z7,ECS,2009,1.81402538867088
Europe & Central Asia,Z7,ECS,2008,1.72248059705499
Europe & Central Asia,Z7,ECS,2007,1.66047420443879
Europe & Central Asia,Z7,ECS,2006,1.65946325152854
Europe & Central Asia,Z7,ECS,2005,1.65131109968889
Europe & Central Asia,Z7,ECS,2004,1.69618269506152
Europe & Central Asia,Z7,ECS,2003,1.72105760672388
Europe & Central Asia,Z7,ECS,2002,1.69563023191135
Europe & Central Asia,Z7,ECS,2001,1.71907494289934
Europe & Central Asia,Z7,ECS,2000,1.68274403756978
Europe & Central Asia (excluding high income),7E,ECA,2022,0.822972876784851
Europe & Central Asia (excluding high income),7E,ECA,2021,0.869407367068856
Europe & Central Asia (excluding high income),7E,ECA,2020,0.857322468271013
Europe & Central Asia (excluding high income),7E,ECA,2019,0.835654126608031
Europe & Central Asia (excluding high income),7E,ECA,2018,0.833148073431408
Europe & Central Asia (excluding high income),7E,ECA,2017,0.812238348738459
Europe & Central Asia (excluding high income),7E,ECA,2016,0.801747250458501
Europe & Central Asia (excluding high income),7E,ECA,2015,0.69453811825922
Europe & Central Asia (excluding high income),7E,ECA,2014,0.632740297787776
Europe & Central Asia (excluding high income),7E,ECA,2013,0.624658521022145
Europe & Central Asia (excluding high income),7E,ECA,2012,0.643351585203898
Europe & Central Asia (excluding high income),7E,ECA,2011,0.624174915613591
Europe & Central Asia (excluding high income),7E,ECA,2010,0.650758745231868
Europe & Central Asia (excluding high income),7E,ECA,2009,0.670339587181852
Europe & Central Asia (excluding high income),7E,ECA,2008,0.603569043856019
Europe & Central Asia (excluding high income),7E,ECA,2007,0.617225784375606
Europe & Central Asia (excluding high income),7E,ECA,2006,0.541400595632192
Europe & Central Asia (excluding high income),7E,ECA,2005,0.561483816532626
Europe & Central Asia (excluding high income),7E,ECA,2004,0.512511784403416
Europe & Central Asia (excluding high income),7E,ECA,2003,0.502323052222503
Europe & Central Asia (excluding high income),7E,ECA,2002,0.537312956909692
Europe & Central Asia (excluding high income),7E,ECA,2001,0.53706609953293
Europe & Central Asia (excluding high income),7E,ECA,2000,0.49733825350075
Europe & Central Asia (IDA & IBRD countries),T7,TEC,2022,0.938087208033391
Europe & Central Asia (IDA & IBRD countries),T7,TEC,2021,0.968268494338884
Europe & Central Asia (IDA & IBRD countries),T7,TEC,2020,1.00927821820048
Europe & Central Asia (IDA & IBRD countries),T7,TEC,2019,0.969342952502523
Europe & Central Asia (IDA & IBRD countries),T7,TEC,2018,0.931805949229434
Europe & Central Asia (IDA & IBRD countries),T7,TEC,2017,0.945492512818672
Europe & Central Asia (IDA & IBRD countries),T7,TEC,2016,0.918388237796215
Europe & Central Asia (IDA & IBRD countries),T7,TEC,2015,0.884104986093701
Europe & Central Asia (IDA & IBRD countries),T7,TEC,2014,0.86041721255584
Europe & Central Asia (IDA & IBRD countries),T7,TEC,2013,0.835125723583317
Europe & Central Asia (IDA & IBRD countries),T7,TEC,2012,0.848984313910026
Europe & Central Asia (IDA & IBRD countries),T7,TEC,2011,0.816222532378043
Europe & Central Asia (IDA & IBRD countries),T7,TEC,2010,0.854627071823836
Europe & Central Asia (IDA & IBRD countries),T7,TEC,2009,0.888137060820165
Europe & Central Asia (IDA & IBRD countries),T7,TEC,2008,0.790751520879328
Europe & Central Asia (IDA & IBRD countries),T7,TEC,2007,0.810014054277769
Europe & Central Asia (IDA & IBRD countries),T7,TEC,2006,0.756587502827839
Europe & Central Asia (IDA & IBRD countries),T7,TEC,2005,0.750246187194504
Europe & Central Asia (IDA & IBRD countries),T7,TEC,2004,0.759396649081438
Europe & Central Asia (IDA & IBRD countries),T7,TEC,2003,0.785918191173512
Europe & Central Asia (IDA & IBRD countries),T7,TEC,2002,0.787230252975777
Europe & Central Asia (IDA & IBRD countries),T7,TEC,2001,0.776335975754118
Europe & Central Asia (IDA & IBRD countries),T7,TEC,2000,0.696732705666805
European Union,EU,EUU,2022,2.24440968980663
European Union,EU,EUU,2021,2.26025718869412
European Union,EU,EUU,2020,2.29741266096236
European Union,EU,EUU,2019,2.22385754810503
European Union,EU,EUU,2018,2.18574564802255
European Union,EU,EUU,2017,2.15410830402009
European Union,EU,EUU,2016,2.11883813191431
European Union,EU,EUU,2015,2.11952130291191
European Union,EU,EUU,2014,2.11978109138094
European Union,EU,EUU,2013,2.09905288456177
European Union,EU,EUU,2012,2.07918431659607
European Union,EU,EUU,2011,2.01780849605102
European Union,EU,EUU,2010,1.97143903419087
European Union,EU,EUU,2009,1.97106455337956
European Union,EU,EUU,2008,1.87603732649158
European Union,EU,EUU,2007,1.7987905721678
European Union,EU,EUU,2006,1.80485761309707
European Union,EU,EUU,2005,1.78428608855657
European Union,EU,EUU,2004,1.79553511018056
European Union,EU,EUU,2003,1.82750481519153
European Union,EU,EUU,2002,1.79075194836823
European Union,EU,EUU,2001,1.82296493654565
European Union,EU,EUU,2000,1.76399479226432
Fragile and conflict affected situations,F1,FCS,2007,0.270892005323472
High income,XD,,2022,2.92221000743965
High income,XD,,2021,2.83450995800277
High income,XD,,2020,2.8736191769429
High income,XD,,2019,2.69819670583231
High income,XD,,2018,2.61762145130196
High income,XD,,2017,2.54303670815066
High income,XD,,2016,2.51257145889717
High income,XD,,2015,2.456804393145
High income,XD,,2014,2.42384451249419
High income,XD,,2013,2.32828390804923
High income,XD,,2012,2.33345288375312
High income,XD,,2011,2.3143776616878
High income,XD,,2010,2.32250163043972
High income,XD,,2009,2.3503548150272
High income,XD,,2008,2.27037464024375
High income,XD,,2007,2.20579933259752
High income,XD,,2006,2.20991448341739
High income,XD,,2005,2.18926001105738
High income,XD,,2004,2.18105982466653
High income,XD,,2003,2.23553629692652
High income,XD,,2002,2.26513628543696
High income,XD,,2001,2.32406387645219
High income,XD,,2000,2.29178280997533
IBRD only,XF,IBD,2022,1.95728771358364
IBRD only,XF,IBD,2021,1.84539472841072
IBRD only,XF,IBD,2020,1.62613322395595
IBRD only,XF,IBD,2019,1.47350537316208
IBRD only,XF,IBD,2018,1.40911659231628
IBRD only,XF,IBD,2017,1.35411041208777
IBRD only,XF,IBD,2016,1.38097096272838
IBRD only,XF,IBD,2015,1.36075302739884
IBRD only,XF,IBD,2014,1.31281327573985
IBRD only,XF,IBD,2013,1.18535357978909
IBRD only,XF,IBD,2012,1.18732152761863
IBRD only,XF,IBD,2011,1.0970768015904
IBRD only,XF,IBD,2010,1.08236731832955
IBRD only,XF,IBD,2009,1.01617919540459
IBRD only,XF,IBD,2008,0.933112861897706
IBRD only,XF,IBD,2007,0.885034069658788
IBRD only,XF,IBD,2006,0.857164429459881
IBRD only,XF,IBD,2005,0.825607210290857
IBRD only,XF,IBD,2004,0.796480369254932
IBRD only,XF,IBD,2003,0.766511228642142
IBRD only,XF,IBD,2002,0.726000310462295
IBRD only,XF,IBD,2001,0.676769429732186
IBRD only,XF,IBD,2000,0.652414866950821
IDA & IBRD total,ZT,IBT,2022,1.93262622525041
IDA & IBRD total,ZT,IBT,2021,1.81296359752071
IDA & IBRD total,ZT,IBT,2020,1.61243400158291
IDA & IBRD total,ZT,IBT,2019,1.42409291997317
IDA & IBRD total,ZT,IBT,2018,1.39686369058352
IDA & IBRD total,ZT,IBT,2017,1.32371871596929
IDA & IBRD total,ZT,IBT,2016,1.36634807122558
IDA & IBRD total,ZT,IBT,2015,1.33023315718534
IDA & IBRD total,ZT,IBT,2014,1.30059747710152
IDA & IBRD total,ZT,IBT,2013,1.1666134611483
IDA & IBRD total,ZT,IBT,2012,1.18273326473231
IDA & IBRD total,ZT,IBT,2011,1.08431799238795
IDA & IBRD total,ZT,IBT,2010,1.06748290410684
IDA & IBRD total,ZT,IBT,2009,1.00259991522151
IDA & IBRD total,ZT,IBT,2008,0.923339695103195
IDA & IBRD total,ZT,IBT,2007,0.855105074993912
IDA & IBRD total,ZT,IBT,2006,0.851227405931429
IDA & IBRD total,ZT,IBT,2005,0.809444676890122
IDA & IBRD total,ZT,IBT,2004,0.787471373180733
IDA & IBRD total,ZT,IBT,2003,0.760385346051764
IDA & IBRD total,ZT,IBT,2002,0.708071931114499
IDA & IBRD total,ZT,IBT,2001,0.662421308048839
IDA & IBRD total,ZT,IBT,2000,0.636279148956455
IDA blend,XH,IDB,2019,0.240202663818926
IDA blend,XH,IDB,2007,0.289114982839005
Late-demographic dividend,V3,LTE,2022,2.16288694576639
Late-demographic dividend,V3,LTE,2021,2.05879350318793
Late-demographic dividend,V3,LTE,2020,1.95869679046714
Late-demographic dividend,V3,LTE,2019,1.80042856543326
Late-demographic dividend,V3,LTE,2018,1.6978483420787
Late-demographic dividend,V3,LTE,2017,1.67416579833317
Late-demographic dividend,V3,LTE,2016,1.68002730703969
Late-demographic dividend,V3,LTE,2015,1.61393706178742
Late-demographic dividend,V3,LTE,2014,1.5403367890626
Late-demographic dividend,V3,LTE,2013,1.47844987286814
Late-demographic dividend,V3,LTE,2012,1.43390504488175
Late-demographic dividend,V3,LTE,2011,1.29341520499433
Late-demographic dividend,V3,LTE,2010,1.320603709634
Late-demographic dividend,V3,LTE,2009,1.27740067828229
Late-demographic dividend,V3,LTE,2008,1.09945882571664
Late-demographic dividend,V3,LTE,2007,1.0624322178549
Late-demographic dividend,V3,LTE,2006,1.02949765218214
Late-demographic dividend,V3,LTE,2005,1.02203049804566
Late-demographic dividend,V3,LTE,2004,0.965531261412307
Late-demographic dividend,V3,LTE,2003,0.954092366236273
Late-demographic dividend,V3,LTE,2002,0.898295835761442
Late-demographic dividend,V3,LTE,2001,0.874142800145066
Late-demographic dividend,V3,LTE,2000,0.8256877586136
Latin America & Caribbean,ZJ,LCN,2020,0.618385164955573
Latin America & Caribbean,ZJ,LCN,2019,0.654558871741678
Latin America & Caribbean,ZJ,LCN,2018,0.6448557249508
Latin America & Caribbean,ZJ,LCN,2017,0.652356656449114
Latin America & Caribbean,ZJ,LCN,2016,0.721927240672058
Latin America & Caribbean,ZJ,LCN,2015,0.752741025181864
Latin America & Caribbean,ZJ,LCN,2014,0.753297285589305
Latin America & Caribbean,ZJ,LCN,2013,0.712901193695883
Latin America & Caribbean,ZJ,LCN,2012,0.680414264771169
Latin America & Caribbean,ZJ,LCN,2011,0.707895887421059
Latin America & Caribbean,ZJ,LCN,2010,0.732700620803165
Latin America & Caribbean,ZJ,LCN,2009,0.692113450759657
Latin America & Caribbean,ZJ,LCN,2008,0.666047345320351
Latin America & Caribbean,ZJ,LCN,2007,0.619154339858122
Latin America & Caribbean,ZJ,LCN,2006,0.582136814768682
Latin America & Caribbean,ZJ,LCN,2005,0.582472196125068
Latin America & Caribbean,ZJ,LCN,2004,0.555939974365173
Latin America & Caribbean,ZJ,LCN,2003,0.551250258098545
Latin America & Caribbean,ZJ,LCN,2002,0.515499326115108
Latin America & Caribbean,ZJ,LCN,2001,0.531166115066444
Latin America & Caribbean,ZJ,LCN,2000,0.55768548066503
Latin America & Caribbean (excluding high income),XJ,LAC,2020,0.650949154437544
Latin America & Caribbean (excluding high income),XJ,LAC,2019,0.686577211208729
Latin America & Caribbean (excluding high income),XJ,LAC,2018,0.679304114781984
Latin America & Caribbean (excluding high income),XJ,LAC,2017,0.685689399793149
Latin America & Caribbean (excluding high income),XJ,LAC,2016,0.764677218276042
Latin America & Caribbean (excluding high income),XJ,LAC,2015,0.81210651109328
Latin America & Caribbean (excluding high income),XJ,LAC,2014,0.80602525155757
Latin America & Caribbean (excluding high income),XJ,LAC,2013,0.770915931945052
Latin America & Caribbean (excluding high income),XJ,LAC,2012,0.741983131183761
Latin America & Caribbean (excluding high income),XJ,LAC,2011,0.772183325120629
Latin America & Caribbean (excluding high income),XJ,LAC,2010,0.818317525006309
Latin America & Caribbean (excluding high income),XJ,LAC,2009,0.773212876519987
Latin America & Caribbean (excluding high income),XJ,LAC,2008,0.730321594603875
Latin America & Caribbean (excluding high income),XJ,LAC,2007,0.678112584342134
Latin America & Caribbean (excluding high income),XJ,LAC,2006,0.610366487008686
Latin America & Caribbean (excluding high income),XJ,LAC,2005,0.616105502051125
Latin America & Caribbean (excluding high income),XJ,LAC,2004,0.564507512345505
Latin America & Caribbean (excluding high income),XJ,LAC,2003,0.55901379024671
Latin America & Caribbean (excluding high income),XJ,LAC,2002,0.522034934100473
Latin America & Caribbean (excluding high income),XJ,LAC,2001,0.534308410198722
Latin America & Caribbean (excluding high income),XJ,LAC,2000,0.566278463215625
Latin America & the Caribbean (IDA & IBRD countries),T2,TLA,2020,0.621042076845482
Latin America & the Caribbean (IDA & IBRD countries),T2,TLA,2019,0.656755937352662
Latin America & the Caribbean (IDA & IBRD countries),T2,TLA,2018,0.647044917716034
Latin America & the Caribbean (IDA & IBRD countries),T2,TLA,2017,0.656592210399481
Latin America & the Caribbean (IDA & IBRD countries),T2,TLA,2016,0.729422964106261
Latin America & the Caribbean (IDA & IBRD countries),T2,TLA,2015,0.765565321050146
Latin America & the Caribbean (IDA & IBRD countries),T2,TLA,2014,0.757961846187191
Latin America & the Caribbean (IDA & IBRD countries),T2,TLA,2013,0.720805375935652
Latin America & the Caribbean (IDA & IBRD countries),T2,TLA,2012,0.683835366017265
Latin America & the Caribbean (IDA & IBRD countries),T2,TLA,2011,0.713087273511248
Latin America & the Caribbean (IDA & IBRD countries),T2,TLA,2010,0.734222349017901
Latin America & the Caribbean (IDA & IBRD countries),T2,TLA,2009,0.699167284841945
Latin America & the Caribbean (IDA & IBRD countries),T2,TLA,2008,0.668257143936811
Latin America & the Caribbean (IDA & IBRD countries),T2,TLA,2007,0.622708774920851
Latin America & the Caribbean (IDA & IBRD countries),T2,TLA,2006,0.585403150336092
Latin America & the Caribbean (IDA & IBRD countries),T2,TLA,2005,0.584092962506918
Latin America & the Caribbean (IDA & IBRD countries),T2,TLA,2004,0.556050036352226
Latin America & the Caribbean (IDA & IBRD countries),T2,TLA,2003,0.551633155329786
Latin America & the Caribbean (IDA & IBRD countries),T2,TLA,2002,0.515392513908195
Latin America & the Caribbean (IDA & IBRD countries),T2,TLA,2001,0.530582537138953
Latin America & the Caribbean (IDA & IBRD countries),T2,TLA,2000,0.558952344339144
Low & middle income,XO,LMY,2021,1.93851702263953
Low & middle income,XO,LMY,2020,1.67940125276729
Low & middle income,XO,LMY,2019,1.47461621898581
Low & middle income,XO,LMY,2018,1.45531268666766
Low & middle income,XO,LMY,2017,1.37127038450695
Low & middle income,XO,LMY,2016,1.42032447065698
Low & middle income,XO,LMY,2015,1.38117712727882
Low & middle income,XO,LMY,2014,1.36915869276829
Low & middle income,XO,LMY,2013,1.22244735938191
Low & middle income,XO,LMY,2012,1.25336791636806
Low & middle income,XO,LMY,2011,1.14053404876862
Low & middle income,XO,LMY,2010,1.12077643814019
Low & middle income,XO,LMY,2009,1.03145740694612
Low & middle income,XO,LMY,2008,0.958373251401371
Low & middle income,XO,LMY,2007,0.869702533068185
Low & middle income,XO,LMY,2006,0.860080313648484
Low & middle income,XO,LMY,2005,0.814932373348113
Low & middle income,XO,LMY,2004,0.770189443992916
Low & middle income,XO,LMY,2003,0.733248753029223
Low & middle income,XO,LMY,2002,0.680932985459218
Low & middle income,XO,LMY,2001,0.634087707252453
Low & middle income,XO,LMY,2000,0.616764678940791
Lower middle income,XN,,2019,0.543557565717942
Lower middle income,XN,,2015,0.546219360559185
Lower middle income,XN,,2013,0.54855243753284
Lower middle income,XN,,2011,0.589546086779673
Lower middle income,XN,,2007,0.575727941231584
Lower middle income,XN,,2002,0.524468546723875
"Middle East, North Africa, Afghanistan & Pakistan",ZQ,MEA,2021,1.34619726859862
"Middle East, North Africa, Afghanistan & Pakistan",ZQ,MEA,2005,0.725706003201757
"Middle East, North Africa, Afghanistan & Pakistan (excluding high income)",XQ,MNA,2021,0.538755837378145
"Middle East, North Africa, Afghanistan & Pakistan (excluding high income)",XQ,MNA,2019,0.493250414559265
"Middle East, North Africa, Afghanistan & Pakistan (excluding high income)",XQ,MNA,2017,0.493582897675695
"Middle East, North Africa, Afghanistan & Pakistan (excluding high income)",XQ,MNA,2015,0.39337320979552
"Middle East, North Africa, Afghanistan & Pakistan (excluding high income)",XQ,MNA,2009,0.323783283861287
"Middle East, North Africa, Afghanistan & Pakistan (excluding high income)",XQ,MNA,2005,0.399556830861665
"Middle East, North Africa, Afghanistan & Pakistan (IDA & IBRD)",T3,TMN,2021,0.538755837378145
"Middle East, North Africa, Afghanistan & Pakistan (IDA & IBRD)",T3,TMN,2019,0.493250414559265
"Middle East, North Africa, Afghanistan & Pakistan (IDA & IBRD)",T3,TMN,2017,0.493582897675696
"Middle East, North Africa, Afghanistan & Pakistan (IDA & IBRD)",T3,TMN,2015,0.39337320979552
"Middle East, North Africa, Afghanistan & Pakistan (IDA & IBRD)",T3,TMN,2009,0.323503886504332
"Middle East, North Africa, Afghanistan & Pakistan (IDA & IBRD)",T3,TMN,2005,0.399556830861665
Middle income,XP,MIC,2021,1.94149348670691
Middle income,XP,MIC,2020,1.68038332832138
Middle income,XP,MIC,2019,1.47660633617734
Middle income,XP,MIC,2018,1.45553907531613
Middle income,XP,MIC,2017,1.3731903367163
Middle income,XP,MIC,2016,1.42204083824701
Middle income,XP,MIC,2015,1.38548275349156
Middle income,XP,MIC,2014,1.37292848328776
Middle income,XP,MIC,2013,1.22244735938191
Middle income,XP,MIC,2012,1.25382117211775
Middle income,XP,MIC,2011,1.14127500561569
Middle income,XP,MIC,2010,1.12420080740965
Middle income,XP,MIC,2009,1.03567276717097
Middle income,XP,MIC,2008,0.963047095423244
Middle income,XP,MIC,2007,0.873323726169296
Middle income,XP,MIC,2006,0.86325953379486
Middle income,XP,MIC,2005,0.82088197783178
Middle income,XP,MIC,2004,0.774928518301238
Middle income,XP,MIC,2003,0.736687961641366
Middle income,XP,MIC,2002,0.683919691086628
Middle income,XP,MIC,2001,0.635766293549993
Middle income,XP,MIC,2000,0.617675595615037
North America,XU,NAC,2022,3.43850413234135
North America,XU,NAC,2021,3.35391944555289
North America,XU,NAC,2020,3.31509481732004
North America,XU,NAC,2019,3.04124023088312
North America,XU,NAC,2018,2.89244117461709
North America,XU,NAC,2017,2.79016033627039
North America,XU,NAC,2016,2.7530633784089
North America,XU,NAC,2015,2.68740372915854
North America,XU,NAC,2014,2.61527882483309
North America,XU,NAC,2013,2.59730653162244
North America,XU,NAC,2012,2.58093130595278
North America,XU,NAC,2011,2.63912484768229
North America,XU,NAC,2010,2.62715626492807
North America,XU,NAC,2009,2.71492618411278
North America,XU,NAC,2008,2.65916076705924
North America,XU,NAC,2007,2.54858897207152
North America,XU,NAC,2006,2.49293952109511
North America,XU,NAC,2005,2.45812840084043
North America,XU,NAC,2004,2.44891150793873
North America,XU,NAC,2003,2.50792931743028
North America,XU,NAC,2002,2.50998677048489
North America,XU,NAC,2001,2.59694140003108
North America,XU,NAC,2000,2.56826146539229
OECD members,OE,OED,2022,3.02164929273705
OECD members,OE,OED,2021,2.91269609753033
OECD members,OE,OED,2020,2.93318397085631
OECD members,OE,OED,2019,2.72249782391517
OECD members,OE,OED,2018,2.65306580478881
OECD members,OE,OED,2017,2.5466067678449
OECD members,OE,OED,2016,2.52036949872702
OECD members,OE,OED,2015,2.47069812051561
OECD members,OE,OED,2014,2.44132068616424
OECD members,OE,OED,2013,2.36322834564663
OECD members,OE,OED,2012,2.37320990283056
OECD members,OE,OED,2011,2.35497245358003
OECD members,OE,OED,2010,2.32882819595655
OECD members,OE,OED,2009,2.36575837617309
OECD members,OE,OED,2008,2.28729282277679
OECD members,OE,OED,2007,2.20784895044202
OECD members,OE,OED,2006,2.20591792772974
OECD members,OE,OED,2005,2.18091012397089
OECD members,OE,OED,2004,2.16773469934089
OECD members,OE,OED,2003,2.21650887279095
OECD members,OE,OED,2002,2.22321073235264
OECD members,OE,OED,2001,2.27888758266523
OECD members,OE,OED,2000,2.24715784159424
Other small states,S4,OSS,2022,1.39994415962668
Other small states,S4,OSS,2021,1.43893855304179
Other small states,S4,OSS,2020,1.37085591611631
Other small states,S4,OSS,2019,1.21381597045452
Other small states,S4,OSS,2018,1.00140666161219
Other small states,S4,OSS,2017,1.05375592835922
Other small states,S4,OSS,2007,1.21936488772292
Other small states,S4,OSS,2006,1.31232871003986
Other small states,S4,OSS,2005,1.11902540285146
Other small states,S4,OSS,2004,0.450017021448257
Other small states,S4,OSS,2003,0.850884824795137
Other small states,S4,OSS,2002,0.857639938147016
Post-demographic dividend,V4,PST,2022,3.12126748381879
Post-demographic dividend,V4,PST,2021,2.99950050925561
Post-demographic dividend,V4,PST,2020,3.02510808311935
Post-demographic dividend,V4,PST,2019,2.80721179341059
Post-demographic dividend,V4,PST,2018,2.74742528683558
Post-demographic dividend,V4,PST,2017,2.63590116596787
Post-demographic dividend,V4,PST,2016,2.61421541776208
Post-demographic dividend,V4,PST,2015,2.56826331020622
Post-demographic dividend,V4,PST,2014,2.55034686622084
Post-demographic dividend,V4,PST,2013,2.46526819453322
Post-demographic dividend,V4,PST,2012,2.47436546097316
Post-demographic dividend,V4,PST,2011,2.45372441253894
Post-demographic dividend,V4,PST,2010,2.42407275657719
Post-demographic dividend,V4,PST,2009,2.45345821670119
Post-demographic dividend,V4,PST,2008,2.38474667111263
Post-demographic dividend,V4,PST,2007,2.30222437379458
Post-demographic dividend,V4,PST,2006,2.28900710738743
Post-demographic dividend,V4,PST,2005,2.25884927953572
Post-demographic dividend,V4,PST,2004,2.23768043482592
Post-demographic dividend,V4,PST,2003,2.2867426678678
Post-demographic dividend,V4,PST,2002,2.2976614843814
Post-demographic dividend,V4,PST,2001,2.35348135601591
Post-demographic dividend,V4,PST,2000,2.32125742005279
Small states,S1,SST,2018,0.862028635650121
Small states,S1,SST,2003,0.728959409166145
South Asia,8S,SAS,2020,0.629398082132028
South Asia,8S,SAS,2019,0.65942
South Asia,8S,SAS,2018,0.641760020059033
South Asia,8S,SAS,2017,0.64720145189609
South Asia,8S,SAS,2016,0.6495461545429
South Asia,8S,SAS,2015,0.670154902727138
South Asia,8S,SAS,2014,0.678034880905608
South Asia,8S,SAS,2013,0.682172287961583
South Asia,8S,SAS,2012,0.74399
South Asia,8S,SAS,2011,0.75502
South Asia,8S,SAS,2010,0.762064198284848
South Asia,8S,SAS,2009,0.827694335291312
South Asia,8S,SAS,2008,0.826499370275791
South Asia,8S,SAS,2007,0.80507
South Asia,8S,SAS,2006,0.78632736913797
South Asia,8S,SAS,2005,0.82411
South Asia,8S,SAS,2004,0.740626265197392
South Asia,8S,SAS,2003,0.71929
South Asia,8S,SAS,2002,0.72567
South Asia,8S,SAS,2001,0.73591
South Asia,8S,SAS,2000,0.736011405769646
South Asia (IDA & IBRD),T5,TSA,2020,0.629398082132028
South Asia (IDA & IBRD),T5,TSA,2019,0.65942
South Asia (IDA & IBRD),T5,TSA,2018,0.641760020059033
South Asia (IDA & IBRD),T5,TSA,2017,0.64720145189609
South Asia (IDA & IBRD),T5,TSA,2016,0.6495461545429
South Asia (IDA & IBRD),T5,TSA,2015,0.670154902727138
South Asia (IDA & IBRD),T5,TSA,2014,0.678034880905608
South Asia (IDA & IBRD),T5,TSA,2013,0.682172287961583
South Asia (IDA & IBRD),T5,TSA,2012,0.74399
South Asia (IDA & IBRD),T5,TSA,2011,0.75502
South Asia (IDA & IBRD),T5,TSA,2010,0.762064198284848
South Asia (IDA & IBRD),T5,TSA,2009,0.827694335291312
South Asia (IDA & IBRD),T5,TSA,2008,0.826499370275792
South Asia (IDA & IBRD),T5,TSA,2007,0.80507
South Asia (IDA & IBRD),T5,TSA,2006,0.78632736913797
South Asia (IDA & IBRD),T5,TSA,2005,0.82411
South Asia (IDA & IBRD),T5,TSA,2004,0.740626265197392
South Asia (IDA & IBRD),T5,TSA,2003,0.71929
South Asia (IDA & IBRD),T5,TSA,2002,0.72567
South Asia (IDA & IBRD),T5,TSA,2001,0.73591
South Asia (IDA & IBRD),T5,TSA,2000,0.736011405769646
Sub-Saharan Africa,ZG,SSF,2007,0.443032271731838
Sub-Saharan Africa (excluding high income),ZF,SSA,2007,0.450089934810528
Sub-Saharan Africa (IDA & IBRD countries),T6,TSS,2007,0.443032271731838
Upper middle income,XT,,2022,2.13573124575509
Upper middle income,XT,,2021,2.02190207629105
Upper middle income,XT,,2020,1.83356603715537
Upper middle income,XT,,2019,1.66708493929361
Upper middle income,XT,,2018,1.59460473666759
Upper middle income,XT,,2017,1.5178728358452
Upper middle income,XT,,2016,1.55026429251548
Upper middle income,XT,,2015,1.54748340196395
Upper middle income,XT,,2014,1.47291230333826
Upper middle income,XT,,2013,1.33612672276209
Upper middle income,XT,,2012,1.32988658499314
Upper middle income,XT,,2011,1.24170182375638
Upper middle income,XT,,2010,1.20210655038883
Upper middle income,XT,,2009,1.10094752175673
Upper middle income,XT,,2008,0.996671179692979
Upper middle income,XT,,2007,0.946915132282692
Upper middle income,XT,,2006,0.888647965417875
Upper middle income,XT,,2005,0.856554264708999
Upper middle income,XT,,2004,0.791335566424341
Upper middle income,XT,,2003,0.757730968641074
Upper middle income,XT,,2002,0.718971313662552
Upper middle income,XT,,2001,0.640780254060891
Upper middle income,XT,,2000,0.63137398743174
World,1W,WLD,2022,2.66992090554305
World,1W,WLD,2021,2.57547686486562
World,1W,WLD,2020,2.48028077886182
World,1W,WLD,2019,2.28960219224765
World,1W,WLD,2018,2.23194831470307
World,1W,WLD,2017,2.15516977876145
World,1W,WLD,2016,2.16123017249319
World,1W,WLD,2015,2.11559432042629
World,1W,WLD,2014,2.09849601973623
World,1W,WLD,2013,1.98594072759805
World,1W,WLD,2012,2.02271064409026
World,1W,WLD,2011,1.99091406442824
World,1W,WLD,2010,2.00724083904798
World,1W,WLD,2009,2.02146637701024
World,1W,WLD,2008,1.98340608620403
World,1W,WLD,2007,1.93014288092447
World,1W,WLD,2006,1.96409597873534
World,1W,WLD,2005,1.9513361774484
World,1W,WLD,2004,1.97011583252716
World,1W,WLD,2003,2.01809123813107
World,1W,WLD,2002,2.02765395255512
World,1W,WLD,2001,2.06313125402841
World,1W,WLD,2000,2.04573676067332
Albania,AL,ALB,2008,0.15412
Albania,AL,ALB,2007,0.08757
Algeria,DZ,DZA,2017,0.47865
Algeria,DZ,DZA,2005,0.06367
Algeria,DZ,DZA,2004,0.15186
Algeria,DZ,DZA,2003,0.18122
Algeria,DZ,DZA,2002,0.33807
Algeria,DZ,DZA,2001,0.21219
American Samoa,AS,ASM,2006,0.39552
American Samoa,AS,ASM,2005,0.36692
American Samoa,AS,ASM,2004,0.32528
American Samoa,AS,ASM,2003,0.18787
Angola,AO,AGO,2016,0.03229
Argentina,AR,ARG,2022,0.54947
Argentina,AR,ARG,2021,0.52216
Argentina,AR,ARG,2020,0.54126
Argentina,AR,ARG,2019,0.47813
Argentina,AR,ARG,2018,0.4883
Argentina,AR,ARG,2017,0.55631
Argentina,AR,ARG,2016,0.55815
Argentina,AR,ARG,2015,0.62262
Argentina,AR,ARG,2014,0.59396
Argentina,AR,ARG,2013,0.61849
Argentina,AR,ARG,2012,0.63491
Argentina,AR,ARG,2011,0.56597
Argentina,AR,ARG,2010,0.56104
Argentina,AR,ARG,2009,0.58398
Argentina,AR,ARG,2008,0.47055
Argentina,AR,ARG,2007,0.46007
Argentina,AR,ARG,2006,0.45216
Argentina,AR,ARG,2005,0.42074
Argentina,AR,ARG,2004,0.40376
Argentina,AR,ARG,2003,0.41013
Argentina,AR,ARG,2002,0.38886
Argentina,AR,ARG,2001,0.42461
Argentina,AR,ARG,2000,0.43884
Armenia,AM,ARM,2023,0.18115
Armenia,AM,ARM,2022,0.20955
Armenia,AM,ARM,2021,0.20557
Armenia,AM,ARM,2020,0.2092
Armenia,AM,ARM,2019,0.17854
Armenia,AM,ARM,2018,0.18876
Armenia,AM,ARM,2017,0.22788
Armenia,AM,ARM,2016,0.23305
Armenia,AM,ARM,2015,0.25002
Armenia,AM,ARM,2014,0.24151
Armenia,AM,ARM,2013,0.22216
Armenia,AM,ARM,2012,0.23853
Armenia,AM,ARM,2011,0.27014
Armenia,AM,ARM,2010,0.24139
Armenia,AM,ARM,2009,0.29093
Armenia,AM,ARM,2008,0.22438
Armenia,AM,ARM,2007,0.21107
Armenia,AM,ARM,2006,0.24057
Armenia,AM,ARM,2005,0.25761
Armenia,AM,ARM,2004,0.25659
Armenia,AM,ARM,2003,0.32109
Armenia,AM,ARM,2002,0.25255
Armenia,AM,ARM,2001,0.27987
Armenia,AM,ARM,2000,0.19106
Australia,AU,AUS,2021,1.85509
Australia,AU,AUS,2019,1.8257
Australia,AU,AUS,2017,1.87919
Australia,AU,AUS,2015,1.91902
Australia,AU,AUS,2013,2.17709
Australia,AU,AUS,2011,2.23445
Australia,AU,AUS,2010,2.37009
Australia,AU,AUS,2008,2.39898
Australia,AU,AUS,2006,2.17862
Australia,AU,AUS,2004,1.84802
Australia,AU,AUS,2002,1.74654
Australia,AU,AUS,2000,1.57198
Austria,AT,AUT,2022,3.20048
Austria,AT,AUT,2021,3.26361
Austria,AT,AUT,2020,3.20278
Austria,AT,AUT,2019,3.13265
Austria,AT,AUT,2018,3.09182
Austria,AT,AUT,2017,3.05656
Austria,AT,AUT,2016,3.11655
Austria,AT,AUT,2015,3.04969
Austria,AT,AUT,2014,3.08429
Austria,AT,AUT,2013,2.95492
Austria,AT,AUT,2012,2.91472
Austria,AT,AUT,2011,2.66868
Austria,AT,AUT,2010,2.7261
Austria,AT,AUT,2009,2.59674
Austria,AT,AUT,2008,2.56945
Austria,AT,AUT,2007,2.41843
Austria,AT,AUT,2006,2.35923
Austria,AT,AUT,2005,2.37324
Austria,AT,AUT,2004,2.16612
Austria,AT,AUT,2003,2.17456
Austria,AT,AUT,2002,2.06598
Austria,AT,AUT,2001,1.9921
Austria,AT,AUT,2000,1.88602
Azerbaijan,AZ,AZE,2023,0.18178
Azerbaijan,AZ,AZE,2022,0.1513
Azerbaijan,AZ,AZE,2021,0.20836
Azerbaijan,AZ,AZE,2020,0.2239
Azerbaijan,AZ,AZE,2019,0.20013
Azerbaijan,AZ,AZE,2018,0.18416
Azerbaijan,AZ,AZE,2017,0.18468
Azerbaijan,AZ,AZE,2016,0.20637
Azerbaijan,AZ,AZE,2015,0.22232
Azerbaijan,AZ,AZE,2014,0.20978
Azerbaijan,AZ,AZE,2013,0.20969
Azerbaijan,AZ,AZE,2012,0.21427
Azerbaijan,AZ,AZE,2011,0.21084
Azerbaijan,AZ,AZE,2010,0.21848
Azerbaijan,AZ,AZE,2009,0.24976
Azerbaijan,AZ,AZE,2008,0.16554
Azerbaijan,AZ,AZE,2007,0.17006
Azerbaijan,AZ,AZE,2006,0.17165
Azerbaijan,AZ,AZE,2005,0.21994
Azerbaijan,AZ,AZE,2004,0.29831
Azerbaijan,AZ,AZE,2003,0.32496
Azerbaijan,AZ,AZE,2002,0.30155
Azerbaijan,AZ,AZE,2001,0.34001
Azerbaijan,AZ,AZE,2000,0.336
Bahrain,BH,BHR,2014,0.10116
Belarus,BY,BLR,2023,0.57843
Belarus,BY,BLR,2022,0.47477
Belarus,BY,BLR,2021,0.45981
Belarus,BY,BLR,2020,0.53901
Belarus,BY,BLR,2019,0.57733
Belarus,BY,BLR,2018,0.60443
Belarus,BY,BLR,2017,0.58411
Belarus,BY,BLR,2016,0.50063
Belarus,BY,BLR,2015,0.49999
Belarus,BY,BLR,2014,0.50548
Belarus,BY,BLR,2013,0.65191
Belarus,BY,BLR,2012,0.64603
Belarus,BY,BLR,2011,0.6776
Belarus,BY,BLR,2010,0.66913
Belarus,BY,BLR,2009,0.62167
Belarus,BY,BLR,2008,0.74147
Belarus,BY,BLR,2007,0.96203
Belarus,BY,BLR,2006,0.66065
Belarus,BY,BLR,2005,0.67852
Belarus,BY,BLR,2004,0.62759
Belarus,BY,BLR,2003,0.61147
Belarus,BY,BLR,2002,0.6209
Belarus,BY,BLR,2001,0.70876
Belarus,BY,BLR,2000,0.7221
Belgium,BE,BEL,2022,3.40544
Belgium,BE,BEL,2021,3.39239
Belgium,BE,BEL,2020,3.39175
Belgium,BE,BEL,2019,3.1566
Belgium,BE,BEL,2018,2.86018
Belgium,BE,BEL,2017,2.66666
Belgium,BE,BEL,2016,2.52338
Belgium,BE,BEL,2015,2.42817
Belgium,BE,BEL,2014,2.37002
Belgium,BE,BEL,2013,2.33073
Belgium,BE,BEL,2012,2.28114
Belgium,BE,BEL,2011,2.17332
Belgium,BE,BEL,2010,2.06188
Belgium,BE,BEL,2009,1.9986
Belgium,BE,BEL,2008,1.93684
Belgium,BE,BEL,2007,1.84999
Belgium,BE,BEL,2006,1.82269
Belgium,BE,BEL,2005,1.79061
Belgium,BE,BEL,2004,1.8205
Belgium,BE,BEL,2003,1.84119
Belgium,BE,BEL,2002,1.90325
Belgium,BE,BEL,2001,2.03279
Belgium,BE,BEL,2000,1.9362
Bermuda,BM,BMU,2020,0.22546
Bermuda,BM,BMU,2019,0.26451
Bermuda,BM,BMU,2018,0.22851
Bermuda,BM,BMU,2015,0.19507
Bermuda,BM,BMU,2014,0.19083
Bermuda,BM,BMU,2013,0.1963
Bermuda,BM,BMU,2012,0.23355
Bermuda,BM,BMU,2011,0.26195
Bermuda,BM,BMU,2010,0.1805
Bermuda,BM,BMU,2009,0.18235
Bermuda,BM,BMU,2008,0.16848
Bermuda,BM,BMU,2007,0.16026
Bolivia,BO,BOL,2009,0.157
Bolivia,BO,BOL,2002,0.27663
Bolivia,BO,BOL,2001,0.29358
Bolivia,BO,BOL,2000,0.28744
Bosnia and Herzegovina,BA,BIH,2023,0.19228
Bosnia and Herzegovina,BA,BIH,2022,0.18743
Bosnia and Herzegovina,BA,BIH,2021,0.19035
Bosnia and Herzegovina,BA,BIH,2020,0.20325
Bosnia and Herzegovina,BA,BIH,2019,0.19001
Bosnia and Herzegovina,BA,BIH,2018,0.19199
Bosnia and Herzegovina,BA,BIH,2017,0.1978
Bosnia and Herzegovina,BA,BIH,2016,0.21337
Bosnia and Herzegovina,BA,BIH,2015,0.21603
Bosnia and Herzegovina,BA,BIH,2014,0.25725
Bosnia and Herzegovina,BA,BIH,2013,0.32132
Bosnia and Herzegovina,BA,BIH,2012,0.26533
Bosnia and Herzegovina,BA,BIH,2009,0.02106
Bosnia and Herzegovina,BA,BIH,2008,0.01842
Bosnia and Herzegovina,BA,BIH,2007,0.02521
Bosnia and Herzegovina,BA,BIH,2006,0.01969
Bosnia and Herzegovina,BA,BIH,2005,0.02697
Bosnia and Herzegovina,BA,BIH,2004,0.0159
Bosnia and Herzegovina,BA,BIH,2003,0.01826
Botswana,BW,BWA,2013,0.561
Botswana,BW,BWA,2012,0.26759
Botswana,BW,BWA,2005,0.53286
Brazil,BR,BRA,2020,1.14526
Brazil,BR,BRA,2019,1.21096
Brazil,BR,BRA,2018,1.16769
Brazil,BR,BRA,2017,1.1175
Brazil,BR,BRA,2016,1.28637
Brazil,BR,BRA,2015,1.37093
Brazil,BR,BRA,2014,1.26971
Brazil,BR,BRA,2013,1.19567
Brazil,BR,BRA,2012,1.12684
Brazil,BR,BRA,2011,1.13966
Brazil,BR,BRA,2010,1.15992
Brazil,BR,BRA,2009,1.11866
Brazil,BR,BRA,2008,1.12904
Brazil,BR,BRA,2007,1.08138
Brazil,BR,BRA,2006,0.98807
Brazil,BR,BRA,2005,1.00246
Brazil,BR,BRA,2004,0.96343
Brazil,BR,BRA,2003,0.99939
Brazil,BR,BRA,2002,1.00968
Brazil,BR,BRA,2001,1.06198
Brazil,BR,BRA,2000,1.04751
Brunei Darussalam,BN,BRN,2018,0.27764
Brunei Darussalam,BN,BRN,2004,0.03701
Brunei Darussalam,BN,BRN,2003,0.01842
Brunei Darussalam,BN,BRN,2002,0.01592
Bulgaria,BG,BGR,2022,0.75421
Bulgaria,BG,BGR,2021,0.77278
Bulgaria,BG,BGR,2020,0.84967
Bulgaria,BG,BGR,2019,0.83274
Bulgaria,BG,BGR,2018,0.75413
Bulgaria,BG,BGR,2017,0.74037
Bulgaria,BG,BGR,2016,0.77009
Bulgaria,BG,BGR,2015,0.94947
Bulgaria,BG,BGR,2014,0.79007
Bulgaria,BG,BGR,2013,0.63424
Bulgaria,BG,BGR,2012,0.60039
Bulgaria,BG,BGR,2011,0.5295
Bulgaria,BG,BGR,2010,0.56299
Bulgaria,BG,BGR,2009,0.49338
Bulgaria,BG,BGR,2008,0.44731
Bulgaria,BG,BGR,2007,0.43003
Bulgaria,BG,BGR,2006,0.44216
Bulgaria,BG,BGR,2005,0.44269
Bulgaria,BG,BGR,2004,0.47086
Bulgaria,BG,BGR,2003,0.47222
Bulgaria,BG,BGR,2002,0.46473
Bulgaria,BG,BGR,2001,0.44709
Bulgaria,BG,BGR,2000,0.49517
Burkina Faso,BF,BFA,2021,0.25126
Burkina Faso,BF,BFA,2020,0.25116
Burkina Faso,BF,BFA,2019,0.17435
Burkina Faso,BF,BFA,2017,0.61361
Burkina Faso,BF,BFA,2014,0.19719
Burkina Faso,BF,BFA,2009,0.17787
Burkina Faso,BF,BFA,2008,0.16568
Burkina Faso,BF,BFA,2007,0.09836
Burkina Faso,BF,BFA,2005,0.15166
Burkina Faso,BF,BFA,2004,0.21514
Burkina Faso,BF,BFA,2003,0.24112
Burkina Faso,BF,BFA,2002,0.30111
Burkina Faso,BF,BFA,2001,0.16816
Burundi,BI,BDI,2018,0.21312
Burundi,BI,BDI,2012,0.10702
Burundi,BI,BDI,2010,0.13719
Burundi,BI,BDI,2009,0.14096
Burundi,BI,BDI,2008,0.15417
Burundi,BI,BDI,2007,0.20068
Cabo Verde,CV,CPV,2011,0.06622
Cambodia,KH,KHM,2015,0.11823
Cambodia,KH,KHM,2002,0.0498
Canada,CA,CAN,2023,1.70133
Canada,CA,CAN,2022,1.71166
Canada,CA,CAN,2021,1.86431
Canada,CA,CAN,2020,1.93414
Canada,CA,CAN,2019,1.75578
Canada,CA,CAN,2018,1.7372
Canada,CA,CAN,2017,1.68702
Canada,CA,CAN,2016,1.72903
Canada,CA,CAN,2015,1.69359
Canada,CA,CAN,2014,1.71483
Canada,CA,CAN,2013,1.70624
Canada,CA,CAN,2012,1.77304
Canada,CA,CAN,2011,1.78714
Canada,CA,CAN,2010,1.82504
Canada,CA,CAN,2009,1.91742
Canada,CA,CAN,2008,1.85578
Canada,CA,CAN,2007,1.90358
Canada,CA,CAN,2006,1.94304
Canada,CA,CAN,2005,1.97127
Canada,CA,CAN,2004,1.99734
Canada,CA,CAN,2003,1.96781
Canada,CA,CAN,2002,1.97171
Canada,CA,CAN,2001,2.02117
Canada,CA,CAN,2000,1.85848
Chad,TD,TCD,2016,0.3005
Chile,CL,CHL,2021,0.36041
Chile,CL,CHL,2020,0.33525
Chile,CL,CHL,2019,0.34243
Chile,CL,CHL,2018,0.36916
Chile,CL,CHL,2017,0.35679
Chile,CL,CHL,2016,0.37103
Chile,CL,CHL,2015,0.38296
Chile,CL,CHL,2014,0.37668
Chile,CL,CHL,2013,0.3903
Chile,CL,CHL,2012,0.36213
Chile,CL,CHL,2011,0.35288
Chile,CL,CHL,2010,0.33165
Chile,CL,CHL,2009,0.35403
Chile,CL,CHL,2008,0.37492
Chile,CL,CHL,2007,0.31143
China,CN,CHN,2022,2.55518
China,CN,CHN,2021,2.4326
China,CN,CHN,2020,2.40666
China,CN,CHN,2019,2.24463
China,CN,CHN,2018,2.14058
China,CN,CHN,2017,2.11603
China,CN,CHN,2016,2.10033
China,CN,CHN,2015,2.05701
China,CN,CHN,2014,2.02243
China,CN,CHN,2013,1.99786
China,CN,CHN,2012,1.91214
China,CN,CHN,2011,1.78034
China,CN,CHN,2010,1.71372
China,CN,CHN,2009,1.6648
China,CN,CHN,2008,1.44592
China,CN,CHN,2007,1.37369
China,CN,CHN,2006,1.36854
China,CN,CHN,2005,1.30792
China,CN,CHN,2004,1.21498
China,CN,CHN,2003,1.12037
China,CN,CHN,2002,1.05786
China,CN,CHN,2001,0.94033
China,CN,CHN,2000,0.89316
Colombia,CO,COL,2020,0.2894
Colombia,CO,COL,2019,0.32201
Colombia,CO,COL,2018,0.31233
Colombia,CO,COL,2017,0.26109
Colombia,CO,COL,2016,0.27051
Colombia,CO,COL,2015,0.36542
Colombia,CO,COL,2014,0.30317
Colombia,CO,COL,2013,0.25761
Colombia,CO,COL,2012,0.22116
Colombia,CO,COL,2011,0.19842
Colombia,CO,COL,2010,0.19358
Colombia,CO,COL,2009,0.19351
Colombia,CO,COL,2008,0.19541
Colombia,CO,COL,2007,0.18307
Colombia,CO,COL,2006,0.16427
Colombia,CO,COL,2005,0.16557
Colombia,CO,COL,2004,0.16964
Colombia,CO,COL,2003,0.17398
Colombia,CO,COL,2002,0.15559
Colombia,CO,COL,2001,0.1329
Colombia,CO,COL,2000,0.13106
"Congo, Dem. Rep.",CD,COD,2015,0.40638
"Congo, Dem. Rep.",CD,COD,2009,0.07822
"Congo, Dem. Rep.",CD,COD,2008,0.08253
"Congo, Dem. Rep.",CD,COD,2007,0.13609
"Congo, Dem. Rep.",CD,COD,2006,0.06044
"Congo, Dem. Rep.",CD,COD,2005,0.05799
"Congo, Dem. Rep.",CD,COD,2004,0.26777
"Congo, Rep.",CG,COG,2022,0.38339
Costa Rica,CR,CRI,2022,0.33789
Costa Rica,CR,CRI,2021,0.27385
Costa Rica,CR,CRI,2020,0.33002
Costa Rica,CR,CRI,2018,0.37144
Costa Rica,CR,CRI,2017,0.42587
Costa Rica,CR,CRI,2016,0.44335
Costa Rica,CR,CRI,2015,0.43665
Costa Rica,CR,CRI,2014,0.55627
Costa Rica,CR,CRI,2013,0.54253
Costa Rica,CR,CRI,2012,0.54713
Costa Rica,CR,CRI,2011,0.46235
Costa Rica,CR,CRI,2010,0.4799
Costa Rica,CR,CRI,2009,0.51718
Costa Rica,CR,CRI,2008,0.38593
Costa Rica,CR,CRI,2007,0.35655
Costa Rica,CR,CRI,2006,0.42693
Costa Rica,CR,CRI,2004,0.37288
Costa Rica,CR,CRI,2003,0.3619
Costa Rica,CR,CRI,2000,0.41135
Cote d'Ivoire,CI,CIV,2016,0.06975
Croatia,HR,HRV,2022,1.40323
Croatia,HR,HRV,2021,1.23124
Croatia,HR,HRV,2020,1.22989
Croatia,HR,HRV,2019,1.07027
Croatia,HR,HRV,2018,0.94312
Croatia,HR,HRV,2017,0.8415
Croatia,HR,HRV,2016,0.84433
Croatia,HR,HRV,2015,0.82378
Croatia,HR,HRV,2014,0.76902
Croatia,HR,HRV,2013,0.79513
Croatia,HR,HRV,2012,0.73725
Croatia,HR,HRV,2011,0.73646
Croatia,HR,HRV,2010,0.73055
Croatia,HR,HRV,2009,0.83304
Croatia,HR,HRV,2008,0.87568
Croatia,HR,HRV,2007,0.78299
Croatia,HR,HRV,2006,0.73211
Croatia,HR,HRV,2005,0.84776
Croatia,HR,HRV,2004,1.02002
Croatia,HR,HRV,2003,0.94069
Croatia,HR,HRV,2002,0.94087
Croatia,HR,HRV,2001,0.91762
Croatia,HR,HRV,2000,1.0425
Cuba,CU,CUB,2022,0.36012
Cuba,CU,CUB,2021,0.32282
Cuba,CU,CUB,2020,0.51838
Cuba,CU,CUB,2019,0.55308
Cuba,CU,CUB,2018,0.53691
Cuba,CU,CUB,2017,0.43066
Cuba,CU,CUB,2016,0.34223
Cuba,CU,CUB,2015,0.42854
Cuba,CU,CUB,2014,0.41596
Cuba,CU,CUB,2013,0.47467
Cuba,CU,CUB,2012,0.40716
Cuba,CU,CUB,2011,0.27192
Cuba,CU,CUB,2010,0.60767
Cuba,CU,CUB,2009,0.61485
Cuba,CU,CUB,2008,0.50061
Cuba,CU,CUB,2007,0.43615
Cuba,CU,CUB,2006,0.44139
Cuba,CU,CUB,2005,0.5492
Cuba,CU,CUB,2004,0.60231
Cuba,CU,CUB,2003,0.58243
Cuba,CU,CUB,2002,0.56445
Cuba,CU,CUB,2001,0.5653
Cuba,CU,CUB,2000,0.47865
Cyprus,CY,CYP,2022,0.74527
Cyprus,CY,CYP,2021,0.8003
Cyprus,CY,CYP,2020,0.83654
Cyprus,CY,CYP,2019,0.70945
Cyprus,CY,CYP,2018,0.61405
Cyprus,CY,CYP,2017,0.54259
Cyprus,CY,CYP,2016,0.5197
Cyprus,CY,CYP,2015,0.47529
Cyprus,CY,CYP,2014,0.51205
Cyprus,CY,CYP,2013,0.48485
Cyprus,CY,CYP,2012,0.43765
Cyprus,CY,CYP,2011,0.45263
Cyprus,CY,CYP,2010,0.44292
Cyprus,CY,CYP,2009,0.44437
Cyprus,CY,CYP,2008,0.38594
Cyprus,CY,CYP,2007,0.40007
Cyprus,CY,CYP,2006,0.38346
Cyprus,CY,CYP,2005,0.36727
Cyprus,CY,CYP,2004,0.33564
Cyprus,CY,CYP,2003,0.31834
Cyprus,CY,CYP,2002,0.27967
Cyprus,CY,CYP,2001,0.23694
Cyprus,CY,CYP,2000,0.2269
Czechia,CZ,CZE,2022,1.9642
Czechia,CZ,CZE,2021,1.99601
Czechia,CZ,CZE,2020,1.98599
Czechia,CZ,CZE,2019,1.92734
Czechia,CZ,CZE,2018,1.89906
Czechia,CZ,CZE,2017,1.76855
Czechia,CZ,CZE,2016,1.67003
Czechia,CZ,CZE,2015,1.91689
Czechia,CZ,CZE,2014,1.95833
Czechia,CZ,CZE,2013,1.87924
Czechia,CZ,CZE,2012,1.76967
Czechia,CZ,CZE,2011,1.54477
Czechia,CZ,CZE,2010,1.3267
Czechia,CZ,CZE,2009,1.28656
Czechia,CZ,CZE,2008,1.23358
Czechia,CZ,CZE,2007,1.29572
Czechia,CZ,CZE,2006,1.22542
Czechia,CZ,CZE,2005,1.161
Czechia,CZ,CZE,2004,1.13935
Czechia,CZ,CZE,2003,1.1421
Czechia,CZ,CZE,2002,1.09819
Czechia,CZ,CZE,2001,1.09871
Czechia,CZ,CZE,2000,1.10997
Denmark,DK,DNK,2022,2.89051
Denmark,DK,DNK,2021,2.76142
Denmark,DK,DNK,2020,2.9725799999999998
Denmark,DK,DNK,2019,2.89685
Denmark,DK,DNK,2018,2.96603
Denmark,DK,DNK,2017,2.93124
Denmark,DK,DNK,2016,3.09283
Denmark,DK,DNK,2015,3.05497
Denmark,DK,DNK,2014,2.91409
Denmark,DK,DNK,2013,2.97048
Denmark,DK,DNK,2012,2.98125
Denmark,DK,DNK,2011,2.94465
Denmark,DK,DNK,2010,2.91707
Denmark,DK,DNK,2009,3.05514
Denmark,DK,DNK,2008,2.77346
Denmark,DK,DNK,2007,2.51541
Denmark,DK,DNK,2006,2.403
Denmark,DK,DNK,2005,2.39337
Denmark,DK,DNK,2004,2.41916
Denmark,DK,DNK,2003,2.51085
Denmark,DK,DNK,2002,2.44145
Denmark,DK,DNK,2001,2.32466
Denmark,DK,DNK,2000,2.1862
Ecuador,EC,ECU,2014,0.43839
Ecuador,EC,ECU,2013,0.37423
Ecuador,EC,ECU,2012,0.33308
Ecuador,EC,ECU,2011,0.34115
Ecuador,EC,ECU,2010,0.41127
Ecuador,EC,ECU,2009,0.41055
Ecuador,EC,ECU,2008,0.23011
Ecuador,EC,ECU,2007,0.13501
Ecuador,EC,ECU,2006,0.13176
Ecuador,EC,ECU,2003,0.06007
Ecuador,EC,ECU,2002,0.0584
Ecuador,EC,ECU,2001,0.05448
"Egypt, Arab Rep.",EG,EGY,2023,1.03356
"Egypt, Arab Rep.",EG,EGY,2022,1.01968
"Egypt, Arab Rep.",EG,EGY,2021,0.91175
"Egypt, Arab Rep.",EG,EGY,2020,0.91564
"Egypt, Arab Rep.",EG,EGY,2019,0.79617
"Egypt, Arab Rep.",EG,EGY,2018,0.68839
"Egypt, Arab Rep.",EG,EGY,2017,0.64486
"Egypt, Arab Rep.",EG,EGY,2016,0.70848
"Egypt, Arab Rep.",EG,EGY,2015,0.71858
"Egypt, Arab Rep.",EG,EGY,2014,0.63649
"Egypt, Arab Rep.",EG,EGY,2013,0.63895
"Egypt, Arab Rep.",EG,EGY,2012,0.50899
"Egypt, Arab Rep.",EG,EGY,2011,0.53154
"Egypt, Arab Rep.",EG,EGY,2010,0.43345
"Egypt, Arab Rep.",EG,EGY,2009,0.43312
"Egypt, Arab Rep.",EG,EGY,2008,0.27024
"Egypt, Arab Rep.",EG,EGY,2007,0.2551
"Egypt, Arab Rep.",EG,EGY,2006,0.25903
"Egypt, Arab Rep.",EG,EGY,2005,0.24141
"Egypt, Arab Rep.",EG,EGY,2004,0.26994
"Egypt, Arab Rep.",EG,EGY,2000,0.19247
El Salvador,SV,SLV,2022,0.1428
El Salvador,SV,SLV,2021,0.16252
El Salvador,SV,SLV,2020,0.16299
El Salvador,SV,SLV,2019,0.17477
El Salvador,SV,SLV,2018,0.16531
El Salvador,SV,SLV,2017,0.18078
El Salvador,SV,SLV,2016,0.14493
El Salvador,SV,SLV,2015,0.14348
El Salvador,SV,SLV,2014,0.09377
El Salvador,SV,SLV,2013,0.06387
El Salvador,SV,SLV,2012,0.03397
El Salvador,SV,SLV,2011,0.0355
El Salvador,SV,SLV,2010,0.07806
El Salvador,SV,SLV,2009,0.0909
El Salvador,SV,SLV,2008,0.13399
El Salvador,SV,SLV,2007,0.1056
Estonia,EE,EST,2022,1.78205
Estonia,EE,EST,2021,1.76766
Estonia,EE,EST,2020,1.75315
Estonia,EE,EST,2019,1.62058
Estonia,EE,EST,2018,1.40999
Estonia,EE,EST,2017,1.27685
Estonia,EE,EST,2016,1.24306
Estonia,EE,EST,2015,1.46777
Estonia,EE,EST,2014,1.43023
Estonia,EE,EST,2013,1.72412
Estonia,EE,EST,2012,2.12481
Estonia,EE,EST,2011,2.30522
Estonia,EE,EST,2010,1.57899
Estonia,EE,EST,2009,1.39679
Estonia,EE,EST,2008,1.25188
Estonia,EE,EST,2007,1.05874
Estonia,EE,EST,2006,1.11277
Estonia,EE,EST,2005,0.91705
Estonia,EE,EST,2004,0.84584
Estonia,EE,EST,2003,0.76465
Estonia,EE,EST,2002,0.71203
Estonia,EE,EST,2001,0.69839
Estonia,EE,EST,2000,0.6
Eswatini,SZ,SWZ,2015,0.26754
Ethiopia,ET,ETH,2017,0.27437
Ethiopia,ET,ETH,2013,0.60474000000000006
Ethiopia,ET,ETH,2010,0.24137
Ethiopia,ET,ETH,2007,0.17089
Ethiopia,ET,ETH,2005,0.17917
Faroe Islands,FO,FRO,2003,0.85253
Finland,FI,FIN,2022,2.96469
Finland,FI,FIN,2021,2.9885
Finland,FI,FIN,2020,2.91243
Finland,FI,FIN,2019,2.79961
Finland,FI,FIN,2018,2.75749
Finland,FI,FIN,2017,2.72787
Finland,FI,FIN,2016,2.72442
Finland,FI,FIN,2015,2.87196
Finland,FI,FIN,2014,3.14751
Finland,FI,FIN,2013,3.27137
Finland,FI,FIN,2012,3.39832
Finland,FI,FIN,2011,3.61806
Finland,FI,FIN,2010,3.70532
Finland,FI,FIN,2009,3.73402
Finland,FI,FIN,2008,3.53697
Finland,FI,FIN,2007,3.33704
Finland,FI,FIN,2006,3.33216
Finland,FI,FIN,2005,3.3237
Finland,FI,FIN,2004,3.30907
Finland,FI,FIN,2003,3.29822
Finland,FI,FIN,2002,3.25308
Finland,FI,FIN,2001,3.19372
Finland,FI,FIN,2000,3.24138
France,FR,FRA,2022,2.23312
France,FR,FRA,2021,2.21808
France,FR,FRA,2020,2.27464
France,FR,FRA,2019,2.19179
France,FR,FRA,2018,2.19666
France,FR,FRA,2017,2.19888
France,FR,FRA,2016,2.22238
France,FR,FRA,2015,2.22702
France,FR,FRA,2014,2.27592
France,FR,FRA,2013,2.23703
France,FR,FRA,2012,2.22707
France,FR,FRA,2011,2.19161
France,FR,FRA,2010,2.17857
France,FR,FRA,2009,2.21207
France,FR,FRA,2008,2.06117
France,FR,FRA,2007,2.02451
France,FR,FRA,2006,2.05094
France,FR,FRA,2005,2.05151
France,FR,FRA,2004,2.09461
France,FR,FRA,2003,2.11994
France,FR,FRA,2002,2.17449
France,FR,FRA,2001,2.13804
France,FR,FRA,2000,2.09346
Gabon,GA,GAB,2009,0.57924
Gabon,GA,GAB,2008,0.5109
Gabon,GA,GAB,2007,0.41633
"Gambia, The",GM,GMB,2018,0.06933
"Gambia, The",GM,GMB,2011,0.0848
"Gambia, The",GM,GMB,2009,0.01086
"Gambia, The",GM,GMB,2008,0.01261
Georgia,GE,GEO,2023,0.25283
Georgia,GE,GEO,2022,0.2347
Georgia,GE,GEO,2021,0.24875
Georgia,GE,GEO,2020,0.29765
Georgia,GE,GEO,2019,0.28197
Georgia,GE,GEO,2018,0.27573
Georgia,GE,GEO,2017,0.26645
Georgia,GE,GEO,2016,0.28025
Georgia,GE,GEO,2015,0.29397
Georgia,GE,GEO,2014,0.16991
Georgia,GE,GEO,2013,0.0771
Georgia,GE,GEO,2005,0.17658
Georgia,GE,GEO,2004,0.2442
Georgia,GE,GEO,2003,0.2176
Georgia,GE,GEO,2002,0.18574
Georgia,GE,GEO,2001,0.23848
Georgia,GE,GEO,2000,0.2153
Germany,DE,DEU,2022,3.13236
Germany,DE,DEU,2021,3.12882
Germany,DE,DEU,2020,3.13136
Germany,DE,DEU,2019,3.16701
Germany,DE,DEU,2018,3.11011
Germany,DE,DEU,2017,3.0471
Germany,DE,DEU,2016,2.94039
Germany,DE,DEU,2015,2.93379
Germany,DE,DEU,2014,2.87784
Germany,DE,DEU,2013,2.83599
Germany,DE,DEU,2012,2.88166
Germany,DE,DEU,2011,2.80555
Germany,DE,DEU,2010,2.7302399999999998
Germany,DE,DEU,2009,2.74266
Germany,DE,DEU,2008,2.61513
Germany,DE,DEU,2007,2.46048
Germany,DE,DEU,2006,2.47232
Germany,DE,DEU,2005,2.44193
Germany,DE,DEU,2004,2.43519
Germany,DE,DEU,2003,2.47461
Germany,DE,DEU,2002,2.43622
Germany,DE,DEU,2001,2.40437
Germany,DE,DEU,2000,2.40982
Ghana,GH,GHA,2010,0.37655
Ghana,GH,GHA,2007,0.23157
Greece,GR,GRC,2022,1.48596
Greece,GR,GRC,2021,1.45782
Greece,GR,GRC,2020,1.51149
Greece,GR,GRC,2019,1.27499
Greece,GR,GRC,2018,1.21371
Greece,GR,GRC,2017,1.15228
Greece,GR,GRC,2016,1.00529
Greece,GR,GRC,2015,0.96605
Greece,GR,GRC,2014,0.83998
Greece,GR,GRC,2013,0.81478
Greece,GR,GRC,2012,0.71005
Greece,GR,GRC,2011,0.68426
Greece,GR,GRC,2010,0.60347
Greece,GR,GRC,2009,0.62557
Greece,GR,GRC,2008,0.66183
Greece,GR,GRC,2007,0.57655
Greece,GR,GRC,2006,0.56118
Greece,GR,GRC,2005,0.57896
Greece,GR,GRC,2004,0.5273
Greece,GR,GRC,2003,0.54654
Greece,GR,GRC,2001,0.55948
Greenland,GL,GRL,2004,0.64608
Greenland,GL,GRL,2003,0.50804
Greenland,GL,GRL,2002,0.55628
Greenland,GL,GRL,2001,0.52741
Guam,GU,GUM,2005,0.2561
Guam,GU,GUM,2004,0.25518
Guam,GU,GUM,2003,0.2657
Guatemala,GT,GTM,2021,0.05863
Guatemala,GT,GTM,2020,0.04888
Guatemala,GT,GTM,2019,0.02642
Guatemala,GT,GTM,2018,0.02938
Guatemala,GT,GTM,2017,0.02955
Guatemala,GT,GTM,2016,0.02311
Guatemala,GT,GTM,2015,0.03064
Guatemala,GT,GTM,2014,0.02949
Guatemala,GT,GTM,2013,0.03916
Guatemala,GT,GTM,2012,0.04543
Guatemala,GT,GTM,2011,0.04894
Guatemala,GT,GTM,2010,0.04421
Guatemala,GT,GTM,2009,0.0562
Guatemala,GT,GTM,2008,0.0629
Guatemala,GT,GTM,2007,0.06782
Guatemala,GT,GTM,2006,0.0501
Guatemala,GT,GTM,2005,0.03556
Honduras,HN,HND,2019,0.05997
Honduras,HN,HND,2018,0.06394
Honduras,HN,HND,2017,0.03994
Honduras,HN,HND,2015,0.01497
Honduras,HN,HND,2004,0.04155
Honduras,HN,HND,2003,0.04215
Honduras,HN,HND,2002,0.04181
Honduras,HN,HND,2001,0.03834
Honduras,HN,HND,2000,0.04453
"Hong Kong SAR, China",HK,HKG,2023,1.10339
"Hong Kong SAR, China",HK,HKG,2022,1.07288
"Hong Kong SAR, China",HK,HKG,2021,0.97026
"Hong Kong SAR, China",HK,HKG,2020,0.99236
"Hong Kong SAR, China",HK,HKG,2019,0.92557
"Hong Kong SAR, China",HK,HKG,2018,0.8633
"Hong Kong SAR, China",HK,HKG,2017,0.83519
"Hong Kong SAR, China",HK,HKG,2016,0.7915
"Hong Kong SAR, China",HK,HKG,2015,0.76183
"Hong Kong SAR, China",HK,HKG,2014,0.74014
"Hong Kong SAR, China",HK,HKG,2013,0.73017
"Hong Kong SAR, China",HK,HKG,2012,0.72733
"Hong Kong SAR, China",HK,HKG,2011,0.72086
"Hong Kong SAR, China",HK,HKG,2010,0.74946
"Hong Kong SAR, China",HK,HKG,2009,0.77342
"Hong Kong SAR, China",HK,HKG,2008,0.71996
"Hong Kong SAR, China",HK,HKG,2007,0.75161
"Hong Kong SAR, China",HK,HKG,2006,0.79468
"Hong Kong SAR, China",HK,HKG,2005,0.77343
"Hong Kong SAR, China",HK,HKG,2004,0.72176
"Hong Kong SAR, China",HK,HKG,2003,0.68027
"Hong Kong SAR, China",HK,HKG,2002,0.58147
"Hong Kong SAR, China",HK,HKG,2001,0.53645
"Hong Kong SAR, China",HK,HKG,2000,0.46493
Hungary,HU,HUN,2022,1.39473
Hungary,HU,HUN,2021,1.64379
Hungary,HU,HUN,2020,1.59252
Hungary,HU,HUN,2019,1.47291
Hungary,HU,HUN,2018,1.50775
Hungary,HU,HUN,2017,1.31702
Hungary,HU,HUN,2016,1.17987
Hungary,HU,HUN,2015,1.33959
Hungary,HU,HUN,2014,1.3446
Hungary,HU,HUN,2013,1.3841
Hungary,HU,HUN,2012,1.25423
Hungary,HU,HUN,2011,1.17925
Hungary,HU,HUN,2010,1.12865
Hungary,HU,HUN,2009,1.12802
Hungary,HU,HUN,2008,0.97757
Hungary,HU,HUN,2007,0.95445
Hungary,HU,HUN,2006,0.9774
Hungary,HU,HUN,2005,0.91951
Hungary,HU,HUN,2004,0.8599
Hungary,HU,HUN,2003,0.91883
Hungary,HU,HUN,2002,0.98355
Hungary,HU,HUN,2001,0.9131
Hungary,HU,HUN,2000,0.79096
Iceland,IS,ISL,2022,2.6004
Iceland,IS,ISL,2021,2.77875
Iceland,IS,ISL,2020,2.4864
Iceland,IS,ISL,2019,2.34018
Iceland,IS,ISL,2018,2.00081
Iceland,IS,ISL,2017,2.08365
Iceland,IS,ISL,2016,2.11011
Iceland,IS,ISL,2015,2.18138
Iceland,IS,ISL,2014,1.93616
Iceland,IS,ISL,2013,1.69238
Iceland,IS,ISL,2011,2.40367
Iceland,IS,ISL,2009,2.59713
Iceland,IS,ISL,2008,2.46414
Iceland,IS,ISL,2007,2.53294
Iceland,IS,ISL,2006,2.85266
Iceland,IS,ISL,2005,2.67969
Iceland,IS,ISL,2003,2.7055
Iceland,IS,ISL,2002,2.8212
Iceland,IS,ISL,2001,2.83989
Iceland,IS,ISL,2000,2.57201
India,IN,IND,2020,0.64558
India,IN,IND,2019,0.65942
India,IN,IND,2018,0.66001
India,IN,IND,2017,0.66603
India,IN,IND,2016,0.66984
India,IN,IND,2015,0.6931
India,IN,IND,2014,0.70159
India,IN,IND,2013,0.70642
India,IN,IND,2012,0.74399
India,IN,IND,2011,0.75502
India,IN,IND,2010,0.78849
India,IN,IND,2009,0.83314
India,IN,IND,2008,0.85876
India,IN,IND,2007,0.80507
India,IN,IND,2006,0.80473
India,IN,IND,2005,0.82411
India,IN,IND,2004,0.7569
India,IN,IND,2003,0.71929
India,IN,IND,2002,0.72567
India,IN,IND,2001,0.73591
India,IN,IND,2000,0.75699
Indonesia,ID,IDN,2020,0.28068
Indonesia,ID,IDN,2019,0.27129
Indonesia,ID,IDN,2018,0.22632
Indonesia,ID,IDN,2017,0.23805
Indonesia,ID,IDN,2016,0.24535
Indonesia,ID,IDN,2013,0.0847
Indonesia,ID,IDN,2009,0.08332
Indonesia,ID,IDN,2001,0.04756
Indonesia,ID,IDN,2000,0.06769
"Iran, Islamic Rep.",IR,IRN,2021,0.72665
"Iran, Islamic Rep.",IR,IRN,2019,0.78829
"Iran, Islamic Rep.",IR,IRN,2017,0.75983
"Iran, Islamic Rep.",IR,IRN,2015,0.39383
"Iran, Islamic Rep.",IR,IRN,2013,0.23601
"Iran, Islamic Rep.",IR,IRN,2012,0.29435
"Iran, Islamic Rep.",IR,IRN,2010,0.26442
"Iran, Islamic Rep.",IR,IRN,2009,0.27258
"Iran, Islamic Rep.",IR,IRN,2008,0.64647
"Iran, Islamic Rep.",IR,IRN,2006,0.55921
"Iran, Islamic Rep.",IR,IRN,2005,0.62284
"Iran, Islamic Rep.",IR,IRN,2004,0.50453
"Iran, Islamic Rep.",IR,IRN,2003,0.59484
"Iran, Islamic Rep.",IR,IRN,2002,0.49558
"Iran, Islamic Rep.",IR,IRN,2001,0.50218
Iraq,IQ,IRQ,2021,0.0407
Iraq,IQ,IRQ,2020,0.04053
Iraq,IQ,IRQ,2019,0.03266
Iraq,IQ,IRQ,2018,0.04279
Iraq,IQ,IRQ,2017,0.04596
Iraq,IQ,IRQ,2016,0.03737
Iraq,IQ,IRQ,2015,0.04017
Iraq,IQ,IRQ,2014,0.03835
Iraq,IQ,IRQ,2011,0.03476
Iraq,IQ,IRQ,2010,0.03684
Iraq,IQ,IRQ,2009,0.04562
Iraq,IQ,IRQ,2008,0.03435
Iraq,IQ,IRQ,2007,0.04554
Ireland,IE,IRL,2022,0.96264
Ireland,IE,IRL,2021,1.11065
Ireland,IE,IRL,2020,1.14551
Ireland,IE,IRL,2019,1.16068
Ireland,IE,IRL,2018,1.10698
Ireland,IE,IRL,2017,1.24866
Ireland,IE,IRL,2016,1.17716
Ireland,IE,IRL,2015,1.17974
Ireland,IE,IRL,2014,1.51798
Ireland,IE,IRL,2013,1.56908
Ireland,IE,IRL,2012,1.56028
Ireland,IE,IRL,2011,1.55153
Ireland,IE,IRL,2010,1.59477
Ireland,IE,IRL,2009,1.61371
Ireland,IE,IRL,2008,1.39126
Ireland,IE,IRL,2007,1.23408
Ireland,IE,IRL,2006,1.19887
Ireland,IE,IRL,2005,1.19197
Ireland,IE,IRL,2004,1.17778
Ireland,IE,IRL,2003,1.12435
Ireland,IE,IRL,2002,1.05575
Ireland,IE,IRL,2001,1.05194
Ireland,IE,IRL,2000,1.08383
Israel,IL,ISR,2022,6.01924
Israel,IL,ISR,2021,5.78276
Israel,IL,ISR,2020,5.79681
Israel,IL,ISR,2019,5.33099
Israel,IL,ISR,2018,4.91451
Israel,IL,ISR,2017,4.74306
Israel,IL,ISR,2016,4.58822
Israel,IL,ISR,2015,4.29841
Israel,IL,ISR,2014,4.20531
Israel,IL,ISR,2013,4.11678
Israel,IL,ISR,2012,4.08052
Israel,IL,ISR,2011,3.93521
Israel,IL,ISR,2010,3.86329
Israel,IL,ISR,2009,4.04516
Israel,IL,ISR,2008,4.25512
Israel,IL,ISR,2007,4.29998
Israel,IL,ISR,2006,4.01998
Israel,IL,ISR,2005,3.92282
Israel,IL,ISR,2004,3.74903
Israel,IL,ISR,2003,3.76454
Israel,IL,ISR,2002,4.00064
Israel,IL,ISR,2001,4.0644
Israel,IL,ISR,2000,3.82652
Italy,IT,ITA,2022,1.39014
Italy,IT,ITA,2021,1.42658
Italy,IT,ITA,2020,1.5066
Italy,IT,ITA,2019,1.46159
Italy,IT,ITA,2018,1.42443
Italy,IT,ITA,2017,1.37013
Italy,IT,ITA,2016,1.36642
Italy,IT,ITA,2015,1.3385
Italy,IT,ITA,2014,1.3384
Italy,IT,ITA,2013,1.30107
Italy,IT,ITA,2012,1.26219
Italy,IT,ITA,2011,1.20155
Italy,IT,ITA,2010,1.21797
Italy,IT,ITA,2009,1.21787
Italy,IT,ITA,2008,1.15972
Italy,IT,ITA,2007,1.12899
Italy,IT,ITA,2006,1.08401
Italy,IT,ITA,2005,1.04435
Italy,IT,ITA,2004,1.05025
Italy,IT,ITA,2003,1.05894
Italy,IT,ITA,2002,1.08124
Italy,IT,ITA,2001,1.0407
Italy,IT,ITA,2000,1.00364
Jamaica,JM,JAM,2002,0.06096
Jamaica,JM,JAM,2001,0.0491
Japan,JP,JPN,2022,3.40537
Japan,JP,JPN,2021,3.27677
Japan,JP,JPN,2020,3.26458
Japan,JP,JPN,2019,3.21824
Japan,JP,JPN,2018,3.2192
Japan,JP,JPN,2017,3.16636
Japan,JP,JPN,2016,3.10666
Japan,JP,JPN,2015,3.24071
Japan,JP,JPN,2014,3.36788
Japan,JP,JPN,2013,3.27896
Japan,JP,JPN,2012,3.17371
Japan,JP,JPN,2011,3.20537
Japan,JP,JPN,2010,3.10495
Japan,JP,JPN,2009,3.1959
Japan,JP,JPN,2008,3.29224
Japan,JP,JPN,2007,3.29257
Japan,JP,JPN,2006,3.22766
Japan,JP,JPN,2005,3.13092
Japan,JP,JPN,2004,2.98125
Japan,JP,JPN,2003,2.9932
Japan,JP,JPN,2002,2.96514
Japan,JP,JPN,2001,2.92348
Japan,JP,JPN,2000,2.85841
Jordan,JO,JOR,2016,0.69547
Jordan,JO,JOR,2008,0.42154
Jordan,JO,JOR,2002,0.33689
Kazakhstan,KZ,KAZ,2023,0.14472
Kazakhstan,KZ,KAZ,2022,0.11715
Kazakhstan,KZ,KAZ,2021,0.13023
Kazakhstan,KZ,KAZ,2020,0.12602
Kazakhstan,KZ,KAZ,2019,0.11841
Kazakhstan,KZ,KAZ,2018,0.11683
Kazakhstan,KZ,KAZ,2017,0.12667
Kazakhstan,KZ,KAZ,2016,0.14179
Kazakhstan,KZ,KAZ,2015,0.16951
Kazakhstan,KZ,KAZ,2014,0.16722
Kazakhstan,KZ,KAZ,2013,0.17132
Kazakhstan,KZ,KAZ,2012,0.16525
Kazakhstan,KZ,KAZ,2011,0.15349
Kazakhstan,KZ,KAZ,2010,0.15341
Kazakhstan,KZ,KAZ,2009,0.22924
Kazakhstan,KZ,KAZ,2008,0.21654
Kazakhstan,KZ,KAZ,2007,0.20884
Kazakhstan,KZ,KAZ,2006,0.24281
Kazakhstan,KZ,KAZ,2005,0.28361
Kazakhstan,KZ,KAZ,2004,0.24837
Kazakhstan,KZ,KAZ,2003,0.25246
Kazakhstan,KZ,KAZ,2002,0.25509
Kazakhstan,KZ,KAZ,2001,0.22009
Kazakhstan,KZ,KAZ,2000,0.18104
Kenya,KE,KEN,2023,0.80874
Kenya,KE,KEN,2022,0.41019
Kenya,KE,KEN,2010,0.69222
Kenya,KE,KEN,2007,0.35521
"Korea, Rep.",KR,KOR,2022,5.21081
"Korea, Rep.",KR,KOR,2021,4.90988
"Korea, Rep.",KR,KOR,2020,4.79571
"Korea, Rep.",KR,KOR,2019,4.62703
"Korea, Rep.",KR,KOR,2018,4.51633
"Korea, Rep.",KR,KOR,2017,4.29206
"Korea, Rep.",KR,KOR,2016,3.98704
"Korea, Rep.",KR,KOR,2015,3.9782
"Korea, Rep.",KR,KOR,2014,4.07786
"Korea, Rep.",KR,KOR,2013,3.95124
"Korea, Rep.",KR,KOR,2012,3.8504
"Korea, Rep.",KR,KOR,2011,3.59199
"Korea, Rep.",KR,KOR,2010,3.31578
"Korea, Rep.",KR,KOR,2009,3.14669
"Korea, Rep.",KR,KOR,2008,2.98887
"Korea, Rep.",KR,KOR,2007,2.87258
"Korea, Rep.",KR,KOR,2006,2.71934
"Korea, Rep.",KR,KOR,2005,2.5229
"Korea, Rep.",KR,KOR,2004,2.44214
"Korea, Rep.",KR,KOR,2003,2.27722
"Korea, Rep.",KR,KOR,2002,2.20774
"Korea, Rep.",KR,KOR,2001,2.27865
"Korea, Rep.",KR,KOR,2000,2.12519
Kuwait,KW,KWT,2023,0.0976
Kuwait,KW,KWT,2022,0.08041
Kuwait,KW,KWT,2020,0.1839
Kuwait,KW,KWT,2019,0.18801
Kuwait,KW,KWT,2018,0.06349
Kuwait,KW,KWT,2017,0.0804
Kuwait,KW,KWT,2016,0.07985
Kuwait,KW,KWT,2015,0.0966
Kuwait,KW,KWT,2014,0.42705
Kuwait,KW,KWT,2013,0.30153
Kuwait,KW,KWT,2012,0.09721
Kuwait,KW,KWT,2011,0.09898
Kuwait,KW,KWT,2010,0.1014
Kuwait,KW,KWT,2009,0.11213
Kuwait,KW,KWT,2008,0.08551
Kuwait,KW,KWT,2007,0.08585
Kuwait,KW,KWT,2006,0.08479
Kuwait,KW,KWT,2005,0.10083
Kuwait,KW,KWT,2004,0.1301
Kuwait,KW,KWT,2003,0.14347
Kuwait,KW,KWT,2002,0.18001
Kuwait,KW,KWT,2001,0.17884
Kuwait,KW,KWT,2000,0.12542
Kyrgyz Republic,KG,KGZ,2023,0.05876
Kyrgyz Republic,KG,KGZ,2022,0.06922
Kyrgyz Republic,KG,KGZ,2021,0.07102
Kyrgyz Republic,KG,KGZ,2020,0.08356
Kyrgyz Republic,KG,KGZ,2019,0.08535
Kyrgyz Republic,KG,KGZ,2018,0.10107
Kyrgyz Republic,KG,KGZ,2017,0.10707
Kyrgyz Republic,KG,KGZ,2016,0.11121
Kyrgyz Republic,KG,KGZ,2015,0.11903
Kyrgyz Republic,KG,KGZ,2014,0.12536
Kyrgyz Republic,KG,KGZ,2013,0.14914
Kyrgyz Republic,KG,KGZ,2012,0.1661
Kyrgyz Republic,KG,KGZ,2011,0.15633
Kyrgyz Republic,KG,KGZ,2010,0.15547
Kyrgyz Republic,KG,KGZ,2009,0.15997
Kyrgyz Republic,KG,KGZ,2008,0.19017
Kyrgyz Republic,KG,KGZ,2007,0.23425
Kyrgyz Republic,KG,KGZ,2006,0.23014
Kyrgyz Republic,KG,KGZ,2005,0.19861
Kyrgyz Republic,KG,KGZ,2004,0.19926
Kyrgyz Republic,KG,KGZ,2003,0.22272
Kyrgyz Republic,KG,KGZ,2002,0.1981
Kyrgyz Republic,KG,KGZ,2001,0.17189
Kyrgyz Republic,KG,KGZ,2000,0.15637
Lao PDR,LA,LAO,2002,0.0371
Latvia,LV,LVA,2022,0.76382
Latvia,LV,LVA,2021,0.74622
Latvia,LV,LVA,2020,0.73439
Latvia,LV,LVA,2019,0.63847
Latvia,LV,LVA,2018,0.63869
Latvia,LV,LVA,2017,0.51104
Latvia,LV,LVA,2016,0.43514
Latvia,LV,LVA,2015,0.6194
Latvia,LV,LVA,2014,0.68908
Latvia,LV,LVA,2013,0.61321
Latvia,LV,LVA,2012,0.66307
Latvia,LV,LVA,2011,0.71562
Latvia,LV,LVA,2010,0.60571
Latvia,LV,LVA,2009,0.44858
Latvia,LV,LVA,2008,0.5772
Latvia,LV,LVA,2007,0.55107
Latvia,LV,LVA,2006,0.64691
Latvia,LV,LVA,2005,0.52707
Latvia,LV,LVA,2004,0.3984
Latvia,LV,LVA,2003,0.3593
Latvia,LV,LVA,2002,0.40843
Latvia,LV,LVA,2001,0.40263
Latvia,LV,LVA,2000,0.43483
Lesotho,LS,LSO,2015,0.05101
Lesotho,LS,LSO,2011,0.01255
Lesotho,LS,LSO,2009,0.0291
Lesotho,LS,LSO,2004,0.05532
Lesotho,LS,LSO,2003,0.04295
Lesotho,LS,LSO,2002,0.04185
Liechtenstein,LI,LIE,2019,5.86833
Lithuania,LT,LTU,2022,1.05319
Lithuania,LT,LTU,2021,1.10436
Lithuania,LT,LTU,2020,1.13261
Lithuania,LT,LTU,2019,0.99266
Lithuania,LT,LTU,2018,0.93662
Lithuania,LT,LTU,2017,0.89626
Lithuania,LT,LTU,2016,0.84241
Lithuania,LT,LTU,2015,1.04341
Lithuania,LT,LTU,2014,1.03011
Lithuania,LT,LTU,2013,0.94872
Lithuania,LT,LTU,2012,0.89304
Lithuania,LT,LTU,2011,0.90269
Lithuania,LT,LTU,2010,0.7833
Lithuania,LT,LTU,2009,0.83084
Lithuania,LT,LTU,2008,0.78932
Lithuania,LT,LTU,2007,0.80174
Lithuania,LT,LTU,2006,0.79204
Lithuania,LT,LTU,2005,0.74821
Lithuania,LT,LTU,2004,0.7514
Lithuania,LT,LTU,2003,0.66413
Lithuania,LT,LTU,2002,0.65755
Lithuania,LT,LTU,2001,0.66762
Lithuania,LT,LTU,2000,0.58553
Luxembourg,LU,LUX,2022,0.97653
Luxembourg,LU,LUX,2021,1.0412
Luxembourg,LU,LUX,2020,1.09584
Luxembourg,LU,LUX,2019,1.18177
Luxembourg,LU,LUX,2018,1.1718
Luxembourg,LU,LUX,2017,1.23898
Luxembourg,LU,LUX,2016,1.2669
Luxembourg,LU,LUX,2015,1.25226
Luxembourg,LU,LUX,2014,1.217
Luxembourg,LU,LUX,2013,1.23381
Luxembourg,LU,LUX,2012,1.20664
Luxembourg,LU,LUX,2011,1.42453
Luxembourg,LU,LUX,2010,1.42373
Luxembourg,LU,LUX,2009,1.58839
Luxembourg,LU,LUX,2008,1.54663
Luxembourg,LU,LUX,2007,1.57165
Luxembourg,LU,LUX,2006,1.64886
Luxembourg,LU,LUX,2005,1.55873
Luxembourg,LU,LUX,2004,1.58819
Luxembourg,LU,LUX,2003,1.6235
Luxembourg,LU,LUX,2000,1.58314
"Macao SAR, China",MO,MAC,2023,0.26378
"Macao SAR, China",MO,MAC,2022,0.43688
"Macao SAR, China",MO,MAC,2021,0.37318
"Macao SAR, China",MO,MAC,2020,0.45327
"Macao SAR, China",MO,MAC,2019,0.24721
"Macao SAR, China",MO,MAC,2018,0.20113
"Macao SAR, China",MO,MAC,2017,0.1721
"Macao SAR, China",MO,MAC,2016,0.23492
"Macao SAR, China",MO,MAC,2015,0.13649
"Macao SAR, China",MO,MAC,2014,0.08776
"Macao SAR, China",MO,MAC,2013,0.05117
"Macao SAR, China",MO,MAC,2012,0.04789
"Macao SAR, China",MO,MAC,2011,0.04427
"Macao SAR, China",MO,MAC,2010,0.05012
"Macao SAR, China",MO,MAC,2009,0.05407
"Macao SAR, China",MO,MAC,2008,0.10106
"Macao SAR, China",MO,MAC,2007,0.05684
"Macao SAR, China",MO,MAC,2006,0.0829
"Macao SAR, China",MO,MAC,2005,0.0876
"Macao SAR, China",MO,MAC,2004,0.05344
"Macao SAR, China",MO,MAC,2003,0.06244
"Macao SAR, China",MO,MAC,2002,0.06957
"Macao SAR, China",MO,MAC,2001,0.06224
Madagascar,MG,MDG,2017,0.01275
Madagascar,MG,MDG,2016,0.01264
Madagascar,MG,MDG,2014,0.01321
Madagascar,MG,MDG,2011,0.09067
Madagascar,MG,MDG,2010,0.099030000000000007
Madagascar,MG,MDG,2009,0.13054
Madagascar,MG,MDG,2008,0.11764
Madagascar,MG,MDG,2007,0.12091
Madagascar,MG,MDG,2006,0.14119
Madagascar,MG,MDG,2005,0.15096
Madagascar,MG,MDG,2004,0.1926
Madagascar,MG,MDG,2003,0.2907
Madagascar,MG,MDG,2002,0.20173
Madagascar,MG,MDG,2001,0.18175
Madagascar,MG,MDG,2000,0.10032
Malaysia,MY,MYS,2020,0.95055
Malaysia,MY,MYS,2018,1.04026
Malaysia,MY,MYS,2016,1.41517
Malaysia,MY,MYS,2015,1.27945
Malaysia,MY,MYS,2014,1.26275
Malaysia,MY,MYS,2012,1.09269
Malaysia,MY,MYS,2011,1.03342
Malaysia,MY,MYS,2010,1.03608
Malaysia,MY,MYS,2009,1.01001
Malaysia,MY,MYS,2008,0.78847
Malaysia,MY,MYS,2006,0.61106
Malaysia,MY,MYS,2004,0.5999
Malaysia,MY,MYS,2002,0.65254
Malaysia,MY,MYS,2000,0.46899
Mali,ML,MLI,2021,0.17385
Mali,ML,MLI,2019,0.15768
Mali,ML,MLI,2017,0.29198
Mali,ML,MLI,2015,0.31462
Mali,ML,MLI,2010,0.5836
Mali,ML,MLI,2007,0.21855
Malta,MT,MLT,2022,0.60433
Malta,MT,MLT,2021,0.65205
Malta,MT,MLT,2020,0.64566
Malta,MT,MLT,2019,0.55993
Malta,MT,MLT,2018,0.57211
Malta,MT,MLT,2017,0.55232
Malta,MT,MLT,2016,0.55689
Malta,MT,MLT,2015,0.71515
Malta,MT,MLT,2014,0.69179
Malta,MT,MLT,2013,0.74336
Malta,MT,MLT,2012,0.80432
Malta,MT,MLT,2011,0.66506
Malta,MT,MLT,2010,0.58741
Malta,MT,MLT,2009,0.50739
Malta,MT,MLT,2008,0.52667
Malta,MT,MLT,2007,0.5454
Malta,MT,MLT,2006,0.57844
Malta,MT,MLT,2005,0.5282
Malta,MT,MLT,2004,0.48971
Malta,MT,MLT,2003,0.23743
Malta,MT,MLT,2002,0.2502
Mauritania,MR,MRT,2018,0.01019
Mauritius,MU,MUS,2023,0.23401
Mauritius,MU,MUS,2022,0.3083
Mauritius,MU,MUS,2021,0.36784
Mauritius,MU,MUS,2020,0.40299
Mauritius,MU,MUS,2019,0.35699
Mauritius,MU,MUS,2018,0.33387
Mauritius,MU,MUS,2017,0.35423
Mauritius,MU,MUS,2012,0.17773
Mauritius,MU,MUS,2005,0.35574
Mauritius,MU,MUS,2004,0.36329
Mauritius,MU,MUS,2003,0.32171
Mauritius,MU,MUS,2002,0.36317
Mauritius,MU,MUS,2001,0.35775
Mauritius,MU,MUS,2000,0.28025
Mexico,MX,MEX,2023,0.26819
Mexico,MX,MEX,2022,0.25782
Mexico,MX,MEX,2021,0.27378
Mexico,MX,MEX,2020,0.29191
Mexico,MX,MEX,2019,0.27606
Mexico,MX,MEX,2018,0.29816
Mexico,MX,MEX,2017,0.31955
Mexico,MX,MEX,2016,0.37601
Mexico,MX,MEX,2015,0.41477
Mexico,MX,MEX,2014,0.41962
Mexico,MX,MEX,2013,0.40806
Mexico,MX,MEX,2012,0.40284
Mexico,MX,MEX,2011,0.45268
Mexico,MX,MEX,2010,0.47353
Mexico,MX,MEX,2009,0.45748
Mexico,MX,MEX,2008,0.42416
Mexico,MX,MEX,2007,0.38039
Mexico,MX,MEX,2006,0.35298
Mexico,MX,MEX,2005,0.38103
Mexico,MX,MEX,2004,0.37053
Mexico,MX,MEX,2003,0.37454
Mexico,MX,MEX,2002,0.33745000000000003
Mexico,MX,MEX,2001,0.30815
Mexico,MX,MEX,2000,0.29205
Moldova,MD,MDA,2023,0.22342
Moldova,MD,MDA,2022,0.22983
Moldova,MD,MDA,2021,0.23154
Moldova,MD,MDA,2020,0.23511
Moldova,MD,MDA,2019,0.24145
Moldova,MD,MDA,2018,0.25626
Moldova,MD,MDA,2017,0.25789
Moldova,MD,MDA,2016,0.28004
Moldova,MD,MDA,2015,0.30735
Moldova,MD,MDA,2014,0.31463
Moldova,MD,MDA,2013,0.29783
Moldova,MD,MDA,2012,0.34907
Moldova,MD,MDA,2011,0.33764
Moldova,MD,MDA,2010,0.3665
Moldova,MD,MDA,2009,0.52557
Moldova,MD,MDA,2008,0.53463
Moldova,MD,MDA,2007,0.54557
Moldova,MD,MDA,2006,0.40622
Moldova,MD,MDA,2005,0.39865
Moldova,MD,MDA,2004,0.34903
Moldova,MD,MDA,2003,0.32405
Monaco,MC,MCO,2005,0.03821
Monaco,MC,MCO,2004,0.03787
Mongolia,MN,MNG,2022,0.08365
Mongolia,MN,MNG,2021,0.10008
Mongolia,MN,MNG,2020,0.13301
Mongolia,MN,MNG,2019,0.0927
Mongolia,MN,MNG,2018,0.10161
Mongolia,MN,MNG,2017,0.1342
Mongolia,MN,MNG,2016,0.18345
Mongolia,MN,MNG,2015,0.1564
Mongolia,MN,MNG,2014,0.2234
Mongolia,MN,MNG,2013,0.23246
Mongolia,MN,MNG,2012,0.23913
Mongolia,MN,MNG,2011,0.23054
Mongolia,MN,MNG,2010,0.24437999999999999
Mongolia,MN,MNG,2009,0.30478
Mongolia,MN,MNG,2008,0.33667
Mongolia,MN,MNG,2007,0.23827
Mongolia,MN,MNG,2006,0.19121
Mongolia,MN,MNG,2005,0.23776
Mongolia,MN,MNG,2004,0.26777
Mongolia,MN,MNG,2003,0.2518
Mongolia,MN,MNG,2002,0.25173
Mongolia,MN,MNG,2001,0.26749
Mongolia,MN,MNG,2000,0.18757
Montenegro,ME,MNE,2019,0.36328
Montenegro,ME,MNE,2018,0.50374
Montenegro,ME,MNE,2017,0.34898
Montenegro,ME,MNE,2016,0.32454
Montenegro,ME,MNE,2015,0.374
Montenegro,ME,MNE,2014,0.3632
Montenegro,ME,MNE,2013,0.37431
Montenegro,ME,MNE,2011,0.31485
Montenegro,ME,MNE,2007,1.14521
Montenegro,ME,MNE,2006,1.22991
Montenegro,ME,MNE,2005,0.92443
Montenegro,ME,MNE,2004,1.01874
Montenegro,ME,MNE,2003,0.79772
Morocco,MA,MAR,2010,0.66036
Morocco,MA,MAR,2006,0.54987
Morocco,MA,MAR,2003,0.56588
Morocco,MA,MAR,2002,0.47179
Morocco,MA,MAR,2001,0.5463
Mozambique,MZ,MOZ,2015,0.30814
Mozambique,MZ,MOZ,2010,0.37595
Mozambique,MZ,MOZ,2008,0.13607
Mozambique,MZ,MOZ,2006,0.3977
Mozambique,MZ,MOZ,2002,0.35598
Myanmar,MM,MMR,2023,0.02376
Myanmar,MM,MMR,2022,0.03519
Myanmar,MM,MMR,2021,0.12402
Myanmar,MM,MMR,2020,0.15567
Myanmar,MM,MMR,2019,0.08341
Myanmar,MM,MMR,2018,0.05881
Myanmar,MM,MMR,2017,0.03218
Myanmar,MM,MMR,2002,0.16216
Myanmar,MM,MMR,2001,0.07144
Myanmar,MM,MMR,2000,0.11306
Namibia,NA,NAM,2022,0.64647
Namibia,NA,NAM,2014,0.34986
Namibia,NA,NAM,2010,0.13963
Nepal,NP,NPL,2010,0.3022
Nepal,NP,NPL,2009,0.25924
Nepal,NP,NPL,2008,0.05439
Netherlands,NL,NLD,2022,2.25533
Netherlands,NL,NLD,2021,2.26877
Netherlands,NL,NLD,2020,2.32182
Netherlands,NL,NLD,2019,2.18435
Netherlands,NL,NLD,2018,2.1388
Netherlands,NL,NLD,2017,2.17857
Netherlands,NL,NLD,2016,2.15081
Netherlands,NL,NLD,2015,2.14606
Netherlands,NL,NLD,2014,2.1733
Netherlands,NL,NLD,2013,2.15606
Netherlands,NL,NLD,2012,1.91627
Netherlands,NL,NLD,2011,1.88131
Netherlands,NL,NLD,2010,1.70404
Netherlands,NL,NLD,2009,1.6657
Netherlands,NL,NLD,2008,1.62269
Netherlands,NL,NLD,2007,1.6703
Netherlands,NL,NLD,2006,1.74067
Netherlands,NL,NLD,2005,1.77388
Netherlands,NL,NLD,2004,1.78901
Netherlands,NL,NLD,2003,1.7839
Netherlands,NL,NLD,2002,1.74543
Netherlands,NL,NLD,2001,1.79609
Netherlands,NL,NLD,2000,1.7898
New Zealand,NZ,NZL,2021,1.46569
New Zealand,NZ,NZL,2019,1.40803
New Zealand,NZ,NZL,2017,1.34905
New Zealand,NZ,NZL,2015,1.22789
New Zealand,NZ,NZL,2013,1.15337
New Zealand,NZ,NZL,2011,1.23222
New Zealand,NZ,NZL,2009,1.25214
New Zealand,NZ,NZL,2007,1.15764
New Zealand,NZ,NZL,2005,1.12043
New Zealand,NZ,NZL,2003,1.14891
New Zealand,NZ,NZL,2001,1.10029
Nicaragua,NI,NIC,2015,0.10742
Nicaragua,NI,NIC,2014,0.08935
Nicaragua,NI,NIC,2013,0.10284
Nicaragua,NI,NIC,2012,0.10449
Nicaragua,NI,NIC,2011,0.08344
Nicaragua,NI,NIC,2002,0.03493
Nigeria,NG,NGA,2019,0.28444
Nigeria,NG,NGA,2007,0.13223
North Macedonia,MK,MKD,2023,0.39502
North Macedonia,MK,MKD,2022,0.37975
North Macedonia,MK,MKD,2021,0.37252
North Macedonia,MK,MKD,2020,0.37264
North Macedonia,MK,MKD,2019,0.36783
North Macedonia,MK,MKD,2018,0.36367
North Macedonia,MK,MKD,2017,0.35439
North Macedonia,MK,MKD,2016,0.43585
North Macedonia,MK,MKD,2015,0.44412
North Macedonia,MK,MKD,2014,0.51646
North Macedonia,MK,MKD,2013,0.43894
North Macedonia,MK,MKD,2012,0.32676
North Macedonia,MK,MKD,2011,0.22276
North Macedonia,MK,MKD,2010,0.21634
North Macedonia,MK,MKD,2009,0.19679
North Macedonia,MK,MKD,2008,0.22358
North Macedonia,MK,MKD,2007,0.17093
North Macedonia,MK,MKD,2006,0.19373
North Macedonia,MK,MKD,2005,0.22825
North Macedonia,MK,MKD,2004,0.23237
North Macedonia,MK,MKD,2003,0.21064
North Macedonia,MK,MKD,2002,0.24461
North Macedonia,MK,MKD,2001,0.2931
North Macedonia,MK,MKD,2000,0.41888
Norway,NO,NOR,2022,1.55752
Norway,NO,NOR,2021,1.88764
Norway,NO,NOR,2020,2.24436
Norway,NO,NOR,2019,2.136
Norway,NO,NOR,2018,2.03482
Norway,NO,NOR,2017,2.08167
Norway,NO,NOR,2016,2.03287
Norway,NO,NOR,2015,1.9235
Norway,NO,NOR,2014,1.70369
Norway,NO,NOR,2013,1.64216
Norway,NO,NOR,2012,1.61053
Norway,NO,NOR,2011,1.61714
Norway,NO,NOR,2010,1.6412
Norway,NO,NOR,2009,1.71678
Norway,NO,NOR,2008,1.54556
Norway,NO,NOR,2007,1.55794
Norway,NO,NOR,2006,1.44972
Norway,NO,NOR,2005,1.47715
Norway,NO,NOR,2004,1.53975
Norway,NO,NOR,2003,1.67572
Norway,NO,NOR,2002,1.62645
Norway,NO,NOR,2001,1.5602
Oman,OM,OMN,2023,0.36729
Oman,OM,OMN,2022,0.27506
Oman,OM,OMN,2021,0.28978
Oman,OM,OMN,2020,0.31599
Oman,OM,OMN,2019,0.27255
Oman,OM,OMN,2018,0.19031
Oman,OM,OMN,2017,0.19925
Oman,OM,OMN,2016,0.22691
Oman,OM,OMN,2015,0.21866
Oman,OM,OMN,2014,0.18588
Oman,OM,OMN,2013,0.14854
Oman,OM,OMN,2012,0.18281
Oman,OM,OMN,2011,0.11962
Pakistan,PK,PAK,2023,0.16375
Pakistan,PK,PAK,2021,0.16431
Pakistan,PK,PAK,2019,0.17475
Pakistan,PK,PAK,2017,0.21214
Pakistan,PK,PAK,2015,0.22193
Pakistan,PK,PAK,2013,0.26179
Pakistan,PK,PAK,2011,0.30491
Pakistan,PK,PAK,2009,0.40218
Pakistan,PK,PAK,2007,0.52343
Pakistan,PK,PAK,2005,0.32946
Pakistan,PK,PAK,2002,0.16228
Pakistan,PK,PAK,2001,0.12408
Pakistan,PK,PAK,2000,0.09536
Panama,PA,PAN,2023,0.15791
Panama,PA,PAN,2022,0.18243
Panama,PA,PAN,2021,0.17688
Panama,PA,PAN,2020,0.23235
Panama,PA,PAN,2019,0.13624
Panama,PA,PAN,2018,0.13359
Panama,PA,PAN,2017,0.1353
Panama,PA,PAN,2016,0.1324
Panama,PA,PAN,2015,0.10745
Panama,PA,PAN,2014,0.12295
Panama,PA,PAN,2013,0.06206
Panama,PA,PAN,2012,0.07534
Panama,PA,PAN,2011,0.17304
Panama,PA,PAN,2010,0.14453
Panama,PA,PAN,2009,0.1321
Panama,PA,PAN,2008,0.19065
Panama,PA,PAN,2007,0.18172
Panama,PA,PAN,2006,0.23537
Panama,PA,PAN,2005,0.23183
Panama,PA,PAN,2004,0.22646
Panama,PA,PAN,2003,0.32109
Panama,PA,PAN,2002,0.3422
Panama,PA,PAN,2001,0.36074
Panama,PA,PAN,2000,0.36264
Papua New Guinea,PG,PNG,2016,0.03158
Paraguay,PY,PRY,2022,0.11944
Paraguay,PY,PRY,2021,0.14398
Paraguay,PY,PRY,2020,0.15697
Paraguay,PY,PRY,2019,0.13751
Paraguay,PY,PRY,2018,0.14684
Paraguay,PY,PRY,2017,0.14888
Paraguay,PY,PRY,2016,0.11676
Paraguay,PY,PRY,2015,0.09674
Paraguay,PY,PRY,2014,0.07901
Paraguay,PY,PRY,2013,0.07163
Paraguay,PY,PRY,2012,0.06517
Paraguay,PY,PRY,2011,0.04216
Paraguay,PY,PRY,2008,0.04113
Paraguay,PY,PRY,2005,0.06091
Paraguay,PY,PRY,2004,0.06066
Paraguay,PY,PRY,2003,0.06135
Paraguay,PY,PRY,2002,0.07493
Paraguay,PY,PRY,2001,0.06699
Peru,PE,PER,2022,0.16178
Peru,PE,PER,2021,0.13752
Peru,PE,PER,2020,0.17229
Peru,PE,PER,2019,0.15696
Peru,PE,PER,2018,0.12683
Peru,PE,PER,2017,0.12085
Peru,PE,PER,2016,0.12008
Peru,PE,PER,2015,0.11702
Peru,PE,PER,2014,0.10805
Peru,PE,PER,2013,0.08174
Peru,PE,PER,2012,0.0553
Peru,PE,PER,2011,0.08282
Peru,PE,PER,2004,0.15578
Peru,PE,PER,2003,0.10813
Peru,PE,PER,2002,0.10614
Peru,PE,PER,2001,0.11096
Peru,PE,PER,2000,0.11266
Philippines,PH,PHL,2018,0.32222
Philippines,PH,PHL,2015,0.15683
Philippines,PH,PHL,2013,0.13207
Philippines,PH,PHL,2011,0.11222
Philippines,PH,PHL,2009,0.10901
Philippines,PH,PHL,2007,0.10498
Philippines,PH,PHL,2005,0.10692
Philippines,PH,PHL,2003,0.12527
Philippines,PH,PHL,2002,0.13263
Poland,PL,POL,2022,1.45383
Poland,PL,POL,2021,1.43183
Poland,PL,POL,2020,1.38608
Poland,PL,POL,2019,1.32335
Poland,PL,POL,2018,1.2061
Poland,PL,POL,2017,1.03785
Poland,PL,POL,2016,0.96821
Poland,PL,POL,2015,1.00423
Poland,PL,POL,2014,0.95076
Poland,PL,POL,2013,0.88483
Poland,PL,POL,2012,0.88997
Poland,PL,POL,2011,0.75221
Poland,PL,POL,2010,0.72619
Poland,PL,POL,2009,0.66106
Poland,PL,POL,2008,0.59944
Poland,PL,POL,2007,0.56193
Poland,PL,POL,2006,0.55102
Poland,PL,POL,2005,0.56278
Poland,PL,POL,2004,0.5525
Poland,PL,POL,2003,0.53806
Poland,PL,POL,2002,0.55675
Poland,PL,POL,2001,0.62159
Poland,PL,POL,2000,0.64078
Portugal,PT,PRT,2022,1.70179
Portugal,PT,PRT,2021,1.67051
Portugal,PT,PRT,2020,1.61392
Portugal,PT,PRT,2019,1.39562
Portugal,PT,PRT,2018,1.34955
Portugal,PT,PRT,2017,1.31928
Portugal,PT,PRT,2016,1.28075
Portugal,PT,PRT,2015,1.2433
Portugal,PT,PRT,2014,1.28992
Portugal,PT,PRT,2013,1.32468
Portugal,PT,PRT,2012,1.37861
Portugal,PT,PRT,2011,1.45741
Portugal,PT,PRT,2010,1.53529
Portugal,PT,PRT,2009,1.58001
Portugal,PT,PRT,2008,1.44335
Portugal,PT,PRT,2007,1.12417
Portugal,PT,PRT,2006,0.95448
Portugal,PT,PRT,2005,0.75755
Portugal,PT,PRT,2004,0.7293
Portugal,PT,PRT,2003,0.69802
Portugal,PT,PRT,2002,0.72183
Portugal,PT,PRT,2001,0.76482000000000006
Portugal,PT,PRT,2000,0.72156
Puerto Rico (US),PR,PRI,2015,0.42883
Puerto Rico (US),PR,PRI,2013,0.43859
Puerto Rico (US),PR,PRI,2009,0.45131
Qatar,QA,QAT,2021,0.68058
Qatar,QA,QAT,2018,0.53129
Qatar,QA,QAT,2015,0.51883
Qatar,QA,QAT,2012,0.4786
Romania,RO,ROU,2022,0.45881
Romania,RO,ROU,2021,0.47234
Romania,RO,ROU,2020,0.46538
Romania,RO,ROU,2019,0.47616000000000003
Romania,RO,ROU,2018,0.49729
Romania,RO,ROU,2017,0.50693
Romania,RO,ROU,2016,0.48864
Romania,RO,ROU,2015,0.48796
Romania,RO,ROU,2014,0.38208
Romania,RO,ROU,2013,0.39024
Romania,RO,ROU,2012,0.4624
Romania,RO,ROU,2011,0.47459
Romania,RO,ROU,2010,0.44666
Romania,RO,ROU,2009,0.44395
Romania,RO,ROU,2008,0.55215
Romania,RO,ROU,2007,0.51148
Romania,RO,ROU,2006,0.45682
Romania,RO,ROU,2005,0.41262
Romania,RO,ROU,2004,0.38942
Romania,RO,ROU,2003,0.39708
Romania,RO,ROU,2002,0.37721
Romania,RO,ROU,2001,0.39129
Romania,RO,ROU,2000,0.36626
Russian Federation,RU,RUS,2022,0.92527
Russian Federation,RU,RUS,2021,0.95857
Russian Federation,RU,RUS,2020,1.09099
Russian Federation,RU,RUS,2019,1.03531
Russian Federation,RU,RUS,2018,0.99002
Russian Federation,RU,RUS,2017,1.10967
Russian Federation,RU,RUS,2016,1.10238
Russian Federation,RU,RUS,2015,1.10085
Russian Federation,RU,RUS,2014,1.07241
Russian Federation,RU,RUS,2013,1.02732
Russian Federation,RU,RUS,2012,1.02766
Russian Federation,RU,RUS,2011,1.01545
Russian Federation,RU,RUS,2010,1.1302
Russian Federation,RU,RUS,2009,1.25192
Russian Federation,RU,RUS,2008,1.04435
Russian Federation,RU,RUS,2007,1.11611
Russian Federation,RU,RUS,2006,1.07294
Russian Federation,RU,RUS,2005,1.06797
Russian Federation,RU,RUS,2004,1.15133
Russian Federation,RU,RUS,2003,1.28603
Russian Federation,RU,RUS,2002,1.24652
Russian Federation,RU,RUS,2001,1.17694
Russian Federation,RU,RUS,2000,1.04983
Rwanda,RW,RWA,2023,0.79445
Rwanda,RW,RWA,2019,0.75853
Rwanda,RW,RWA,2016,0.64945
Saudi Arabia,SA,SAU,2023,0.56486
Saudi Arabia,SA,SAU,2022,0.46317
Saudi Arabia,SA,SAU,2021,0.44266
Saudi Arabia,SA,SAU,2020,0.49802
Saudi Arabia,SA,SAU,2013,0.80736
Saudi Arabia,SA,SAU,2012,0.8699
Saudi Arabia,SA,SAU,2011,0.89068
Saudi Arabia,SA,SAU,2010,0.884
Saudi Arabia,SA,SAU,2009,0.07338
Saudi Arabia,SA,SAU,2008,0.04902
Saudi Arabia,SA,SAU,2007,0.04521
Saudi Arabia,SA,SAU,2006,0.04245
Saudi Arabia,SA,SAU,2005,0.0423
Saudi Arabia,SA,SAU,2004,0.05315
Saudi Arabia,SA,SAU,2003,0.062330000000000003
Senegal,SN,SEN,2015,0.5772
Senegal,SN,SEN,2010,0.4343
Senegal,SN,SEN,2008,0.29374
Serbia,RS,SRB,2023,0.95005
Serbia,RS,SRB,2022,0.96616
Serbia,RS,SRB,2021,0.99379
Serbia,RS,SRB,2020,0.90558
Serbia,RS,SRB,2019,0.88667
Serbia,RS,SRB,2018,0.91891
Serbia,RS,SRB,2017,0.87238
Serbia,RS,SRB,2016,0.83822
Serbia,RS,SRB,2015,0.8109
Serbia,RS,SRB,2014,0.72309
Serbia,RS,SRB,2013,0.68367
Serbia,RS,SRB,2012,0.85316
Serbia,RS,SRB,2011,0.68334
Serbia,RS,SRB,2010,0.70228
Serbia,RS,SRB,2009,0.8173
Serbia,RS,SRB,2008,0.66966
Serbia,RS,SRB,2007,0.57877
Serbia,RS,SRB,2006,0.43985
Serbia,RS,SRB,2005,0.3953
Serbia,RS,SRB,2004,0.28953
Serbia,RS,SRB,2003,0.49138
Serbia,RS,SRB,2002,0.63968
Serbia,RS,SRB,2001,0.30401
Serbia,RS,SRB,2000,0.85424
Seychelles,SC,SYC,2016,0.2017
Seychelles,SC,SYC,2005,0.28393
Seychelles,SC,SYC,2004,0.32574
Seychelles,SC,SYC,2003,0.38707
Seychelles,SC,SYC,2002,0.3826
Seychelles,SC,SYC,2001,0.39968
Singapore,SG,SGP,2020,2.15626
Singapore,SG,SGP,2019,1.88474
Singapore,SG,SGP,2018,1.80947
Singapore,SG,SGP,2017,1.89913
Singapore,SG,SGP,2016,2.07276
Singapore,SG,SGP,2015,2.17445
Singapore,SG,SGP,2014,2.08228
Singapore,SG,SGP,2013,1.92104
Singapore,SG,SGP,2012,1.91833
Singapore,SG,SGP,2011,2.06955
Singapore,SG,SGP,2010,1.92918
Singapore,SG,SGP,2009,2.1279
Singapore,SG,SGP,2008,2.59674
Singapore,SG,SGP,2007,2.31986
Singapore,SG,SGP,2006,2.11656
Singapore,SG,SGP,2005,2.14806
Singapore,SG,SGP,2004,2.07859
Singapore,SG,SGP,2003,1.99679
Singapore,SG,SGP,2002,2.03282
Singapore,SG,SGP,2001,2.0093
Singapore,SG,SGP,2000,1.81699
Slovak Republic,SK,SVK,2022,0.97939
Slovak Republic,SK,SVK,2021,0.91611
Slovak Republic,SK,SVK,2020,0.89773
Slovak Republic,SK,SVK,2019,0.8224
Slovak Republic,SK,SVK,2018,0.83555
Slovak Republic,SK,SVK,2017,0.88456
Slovak Republic,SK,SVK,2016,0.78857
Slovak Republic,SK,SVK,2015,1.15727
Slovak Republic,SK,SVK,2014,0.877
Slovak Republic,SK,SVK,2013,0.82005
Slovak Republic,SK,SVK,2012,0.79461
Slovak Republic,SK,SVK,2011,0.65255
Slovak Republic,SK,SVK,2010,0.6055
Slovak Republic,SK,SVK,2009,0.47272
Slovak Republic,SK,SVK,2008,0.46137
Slovak Republic,SK,SVK,2007,0.44746
Slovak Republic,SK,SVK,2006,0.47488
Slovak Republic,SK,SVK,2005,0.49332
Slovak Republic,SK,SVK,2004,0.50069
Slovak Republic,SK,SVK,2003,0.56145
Slovak Republic,SK,SVK,2002,0.56314
Slovak Republic,SK,SVK,2001,0.62465
Slovak Republic,SK,SVK,2000,0.63807
Slovenia,SI,SVN,2022,2.09525
Slovenia,SI,SVN,2021,2.128
Slovenia,SI,SVN,2020,2.14156
Slovenia,SI,SVN,2019,2.03922
Slovenia,SI,SVN,2018,1.94593
Slovenia,SI,SVN,2017,1.8653
Slovenia,SI,SVN,2016,2.00764
Slovenia,SI,SVN,2015,2.19565
Slovenia,SI,SVN,2014,2.36548
Slovenia,SI,SVN,2013,2.56487
Slovenia,SI,SVN,2012,2.56061
Slovenia,SI,SVN,2011,2.41297
Slovenia,SI,SVN,2010,2.05133
Slovenia,SI,SVN,2009,1.81184
Slovenia,SI,SVN,2008,1.62673
Slovenia,SI,SVN,2007,1.42703
Slovenia,SI,SVN,2006,1.53705
Slovenia,SI,SVN,2005,1.41778
Slovenia,SI,SVN,2004,1.37026
Slovenia,SI,SVN,2003,1.24792
Slovenia,SI,SVN,2002,1.44325
Slovenia,SI,SVN,2001,1.46767
Slovenia,SI,SVN,2000,1.35982
South Africa,ZA,ZAF,2022,0.61729
South Africa,ZA,ZAF,2021,0.61503
South Africa,ZA,ZAF,2020,0.6024
South Africa,ZA,ZAF,2019,0.61304
South Africa,ZA,ZAF,2018,0.68586
South Africa,ZA,ZAF,2017,0.76257
South Africa,ZA,ZAF,2016,0.74992
South Africa,ZA,ZAF,2015,0.73147
South Africa,ZA,ZAF,2014,0.70987
South Africa,ZA,ZAF,2013,0.6633
South Africa,ZA,ZAF,2012,0.66934
South Africa,ZA,ZAF,2011,0.66753
South Africa,ZA,ZAF,2010,0.66284
South Africa,ZA,ZAF,2009,0.74993
South Africa,ZA,ZAF,2008,0.80567
South Africa,ZA,ZAF,2007,0.79364
South Africa,ZA,ZAF,2006,0.80291
South Africa,ZA,ZAF,2005,0.77024
South Africa,ZA,ZAF,2004,0.72681
South Africa,ZA,ZAF,2003,0.6765
South Africa,ZA,ZAF,2001,0.64224
Spain,ES,ESP,2022,1.43532
Spain,ES,ESP,2021,1.41122
Spain,ES,ESP,2020,1.4091
Spain,ES,ESP,2019,1.25025
Spain,ES,ESP,2018,1.24151
Spain,ES,ESP,2017,1.20977
Spain,ES,ESP,2016,1.18986
Spain,ES,ESP,2015,1.22179
Spain,ES,ESP,2014,1.24159
Spain,ES,ESP,2013,1.27482
Spain,ES,ESP,2012,1.29876
Spain,ES,ESP,2011,1.33341
Spain,ES,ESP,2010,1.35996
Spain,ES,ESP,2009,1.36364
Spain,ES,ESP,2008,1.325
Spain,ES,ESP,2007,1.24053
Spain,ES,ESP,2006,1.17702
Spain,ES,ESP,2005,1.09956
Spain,ES,ESP,2004,1.04089
Spain,ES,ESP,2003,1.02373
Spain,ES,ESP,2002,0.95971
Spain,ES,ESP,2001,0.88833
Spain,ES,ESP,2000,0.88276
Sri Lanka,LK,LKA,2022,0.10506
Sri Lanka,LK,LKA,2020,0.11616
Sri Lanka,LK,LKA,2018,0.11949
Sri Lanka,LK,LKA,2017,0.11818
Sri Lanka,LK,LKA,2016,0.12034
Sri Lanka,LK,LKA,2015,0.10291
Sri Lanka,LK,LKA,2014,0.09605
Sri Lanka,LK,LKA,2013,0.0973
Sri Lanka,LK,LKA,2010,0.13241
Sri Lanka,LK,LKA,2008,0.11444
Sri Lanka,LK,LKA,2006,0.1742
Sri Lanka,LK,LKA,2004,0.1821
Sri Lanka,LK,LKA,2000,0.14392
St. Vincent and the Grenadines,VC,VCT,2002,0.1139
St. Vincent and the Grenadines,VC,VCT,2001,0.04008
Sudan,SD,SDN,2005,0.225
Sudan,SD,SDN,2004,0.23825
Sudan,SD,SDN,2003,0.2808
Sudan,SD,SDN,2002,0.32247
Sudan,SD,SDN,2001,0.37483
Sudan,SD,SDN,2000,0.47277
Sweden,SE,SWE,2022,3.40822
Sweden,SE,SWE,2021,3.40216
Sweden,SE,SWE,2020,3.4896
Sweden,SE,SWE,2019,3.38758
Sweden,SE,SWE,2018,3.32106
Sweden,SE,SWE,2017,3.36279
Sweden,SE,SWE,2016,3.24736
Sweden,SE,SWE,2015,3.21903
Sweden,SE,SWE,2014,3.10184
Sweden,SE,SWE,2013,3.26042
Sweden,SE,SWE,2012,3.23025
Sweden,SE,SWE,2011,3.18702
Sweden,SE,SWE,2010,3.16789
Sweden,SE,SWE,2009,3.39528
Sweden,SE,SWE,2008,3.46999
Sweden,SE,SWE,2007,3.23383
Sweden,SE,SWE,2006,3.475
Sweden,SE,SWE,2005,3.35958
Sweden,SE,SWE,2004,3.36129
Sweden,SE,SWE,2003,3.57948
Sweden,SE,SWE,2001,3.8738
Switzerland,CH,CHE,2021,3.30645
Switzerland,CH,CHE,2019,3.1968
Switzerland,CH,CHE,2017,3.07698
Switzerland,CH,CHE,2015,3.07832
Switzerland,CH,CHE,2012,2.87457
Switzerland,CH,CHE,2008,2.65296
Switzerland,CH,CHE,2004,2.60818
Switzerland,CH,CHE,2000,2.26386
Syrian Arab Republic,SY,SYR,2022,0.07306
Syrian Arab Republic,SY,SYR,2015,0.01942
Tajikistan,TJ,TJK,2020,0.08969
Tajikistan,TJ,TJK,2019,0.09367
Tajikistan,TJ,TJK,2018,0.09401
Tajikistan,TJ,TJK,2017,0.10957
Tajikistan,TJ,TJK,2016,0.10622
Tajikistan,TJ,TJK,2015,0.1034
Tajikistan,TJ,TJK,2014,0.11624
Tajikistan,TJ,TJK,2013,0.11851
Tajikistan,TJ,TJK,2012,0.11432
Tajikistan,TJ,TJK,2011,0.12148
Tajikistan,TJ,TJK,2010,0.08914
Tajikistan,TJ,TJK,2009,0.08577
Tajikistan,TJ,TJK,2008,0.06983
Tajikistan,TJ,TJK,2007,0.067780000000000007
Tajikistan,TJ,TJK,2006,0.10732
Tajikistan,TJ,TJK,2005,0.0957
Tajikistan,TJ,TJK,2004,0.06697
Tajikistan,TJ,TJK,2003,0.06885
Tajikistan,TJ,TJK,2002,0.07068
Tajikistan,TJ,TJK,2001,0.08953
Tanzania,TZ,TZA,2013,0.51456
Tanzania,TZ,TZA,2010,0.37307
Tanzania,TZ,TZA,2007,0.33462
Thailand,TH,THA,2022,1.15902
Thailand,TH,THA,2021,1.20807
Thailand,TH,THA,2020,1.32818
Thailand,TH,THA,2019,1.14317
Thailand,TH,THA,2018,1.11374
Thailand,TH,THA,2017,1.00166
Thailand,TH,THA,2016,0.77829
Thailand,TH,THA,2015,0.61609
Thailand,TH,THA,2014,0.47988
Thailand,TH,THA,2013,0.44164
Thailand,TH,THA,2011,0.36146
Thailand,TH,THA,2009,0.23455
Thailand,TH,THA,2008,0.20331
Thailand,TH,THA,2007,0.2008
Thailand,TH,THA,2006,0.23271
Thailand,TH,THA,2005,0.21889
Thailand,TH,THA,2004,0.23828
Thailand,TH,THA,2003,0.24534
Thailand,TH,THA,2002,0.23055
Thailand,TH,THA,2001,0.25231
Thailand,TH,THA,2000,0.24471
Togo,TG,TGO,2014,0.19074
Togo,TG,TGO,2012,0.15973
Togo,TG,TGO,2010,0.16962
Trinidad and Tobago,TT,TTO,2022,0.0478
Trinidad and Tobago,TT,TTO,2021,0.05374
Trinidad and Tobago,TT,TTO,2020,0.06512
Trinidad and Tobago,TT,TTO,2019,0.0596
Trinidad and Tobago,TT,TTO,2018,0.08139
Trinidad and Tobago,TT,TTO,2017,0.08519
Trinidad and Tobago,TT,TTO,2016,0.08626
Trinidad and Tobago,TT,TTO,2015,0.07996
Trinidad and Tobago,TT,TTO,2014,0.07599
Trinidad and Tobago,TT,TTO,2013,0.05382
Trinidad and Tobago,TT,TTO,2012,0.04126
Trinidad and Tobago,TT,TTO,2011,0.04024
Trinidad and Tobago,TT,TTO,2010,0.04771
Trinidad and Tobago,TT,TTO,2009,0.05665
Trinidad and Tobago,TT,TTO,2008,0.03072
Trinidad and Tobago,TT,TTO,2007,0.05922
Trinidad and Tobago,TT,TTO,2006,0.07233
Trinidad and Tobago,TT,TTO,2005,0.11431
Trinidad and Tobago,TT,TTO,2004,0.11441
Trinidad and Tobago,TT,TTO,2003,0.11501
Trinidad and Tobago,TT,TTO,2002,0.13178
Trinidad and Tobago,TT,TTO,2001,0.10417
Trinidad and Tobago,TT,TTO,2000,0.108
Tunisia,TN,TUN,2019,0.74658
Tunisia,TN,TUN,2018,0.71645
Tunisia,TN,TUN,2017,0.69954
Tunisia,TN,TUN,2016,0.56539
Tunisia,TN,TUN,2015,0.59413
Tunisia,TN,TUN,2014,0.61988
Tunisia,TN,TUN,2013,0.637
Tunisia,TN,TUN,2012,0.64937
Tunisia,TN,TUN,2011,0.67458
Tunisia,TN,TUN,2010,0.65806
Tunisia,TN,TUN,2009,0.70644
Tunisia,TN,TUN,2008,0.63933
Tunisia,TN,TUN,2007,0.6654
Tunisia,TN,TUN,2006,0.67729
Tunisia,TN,TUN,2005,0.71195
Tunisia,TN,TUN,2004,0.73095
Tunisia,TN,TUN,2003,0.65044
Tunisia,TN,TUN,2002,0.54302
Turkiye,TR,TUR,2022,1.32343
Turkiye,TR,TUR,2021,1.40209
Turkiye,TR,TUR,2020,1.36748
Turkiye,TR,TUR,2019,1.3196
Turkiye,TR,TUR,2018,1.27093
Turkiye,TR,TUR,2017,1.17632
Turkiye,TR,TUR,2016,1.11979
Turkiye,TR,TUR,2015,0.96732
Turkiye,TR,TUR,2014,0.8564
Turkiye,TR,TUR,2013,0.81206
Turkiye,TR,TUR,2012,0.82595
Turkiye,TR,TUR,2011,0.79393
Turkiye,TR,TUR,2010,0.79369
Turkiye,TR,TUR,2009,0.80362
Turkiye,TR,TUR,2008,0.68741
Turkiye,TR,TUR,2007,0.68616
Turkiye,TR,TUR,2006,0.55292
Turkiye,TR,TUR,2005,0.56381
Turkiye,TR,TUR,2004,0.49713
Turkiye,TR,TUR,2003,0.46532
Turkiye,TR,TUR,2002,0.50904
Turkiye,TR,TUR,2001,0.52247
Turkiye,TR,TUR,2000,0.46558
Turkmenistan,TM,TKM,2022,0.14
Turkmenistan,TM,TKM,2021,0.1
Turkmenistan,TM,TKM,2020,0.13
Turkmenistan,TM,TKM,2019,0.11
Turkmenistan,TM,TKM,2018,0.08
Turkmenistan,TM,TKM,2017,0.09
Turkmenistan,TM,TKM,2016,0.16
Turkmenistan,TM,TKM,2015,0.11
Uganda,UG,UGA,2023,0.3109
Uganda,UG,UGA,2014,0.14265
Uganda,UG,UGA,2010,0.3599
Uganda,UG,UGA,2009,0.25547
Uganda,UG,UGA,2008,0.32632
Uganda,UG,UGA,2007,0.38821
Uganda,UG,UGA,2006,0.30033
Uganda,UG,UGA,2005,0.21514
Uganda,UG,UGA,2004,0.26056
Uganda,UG,UGA,2003,0.25612
Uganda,UG,UGA,2002,0.36756
Ukraine,UA,UKR,2023,0.32653
Ukraine,UA,UKR,2022,0.32673
Ukraine,UA,UKR,2021,0.38478
Ukraine,UA,UKR,2020,0.40318
Ukraine,UA,UKR,2019,0.43384
Ukraine,UA,UKR,2018,0.47113
Ukraine,UA,UKR,2017,0.44879
Ukraine,UA,UKR,2016,0.48339
Ukraine,UA,UKR,2015,0.61477
Ukraine,UA,UKR,2014,0.65034
Ukraine,UA,UKR,2013,0.733
Ukraine,UA,UKR,2012,0.72363
Ukraine,UA,UKR,2011,0.7109
Ukraine,UA,UKR,2010,0.80279
Ukraine,UA,UKR,2009,0.82596
Ukraine,UA,UKR,2008,0.80991
Ukraine,UA,UKR,2007,0.81869
Ukraine,UA,UKR,2006,0.91403
Ukraine,UA,UKR,2005,0.99518
Ukraine,UA,UKR,2004,1.04392
Ukraine,UA,UKR,2003,1.07166
Ukraine,UA,UKR,2002,0.96269
Ukraine,UA,UKR,2001,0.98944
Ukraine,UA,UKR,2000,0.92904
United Arab Emirates,AE,ARE,2021,1.49469
United Arab Emirates,AE,ARE,2020,1.48831
United Arab Emirates,AE,ARE,2019,1.31065
United Arab Emirates,AE,ARE,2018,1.26389
United Arab Emirates,AE,ARE,2016,0.9318
United Arab Emirates,AE,ARE,2015,0.8657
United Arab Emirates,AE,ARE,2014,0.67523
United Arab Emirates,AE,ARE,2011,0.47252
United Kingdom,GB,GBR,2021,2.89711
United Kingdom,GB,GBR,2020,2.93883
United Kingdom,GB,GBR,2019,2.6708
United Kingdom,GB,GBR,2018,2.71124
United Kingdom,GB,GBR,2017,2.32602
United Kingdom,GB,GBR,2016,2.32052
United Kingdom,GB,GBR,2015,2.27566
United Kingdom,GB,GBR,2014,2.26488
United Kingdom,GB,GBR,2013,1.62096
United Kingdom,GB,GBR,2012,1.57587
United Kingdom,GB,GBR,2011,1.64681
United Kingdom,GB,GBR,2010,1.63886
United Kingdom,GB,GBR,2009,1.66991
United Kingdom,GB,GBR,2008,1.60901
United Kingdom,GB,GBR,2007,1.6183
United Kingdom,GB,GBR,2006,1.57626
United Kingdom,GB,GBR,2005,1.55004
United Kingdom,GB,GBR,2004,1.53089
United Kingdom,GB,GBR,2003,1.58131
United Kingdom,GB,GBR,2002,1.61383
United Kingdom,GB,GBR,2001,1.59545
United Kingdom,GB,GBR,2000,1.60963
United States,US,USA,2022,3.58623
United States,US,USA,2021,3.48313
United States,US,USA,2020,3.42467
United States,US,USA,2019,3.14704
United States,US,USA,2018,2.99045
United States,US,USA,2017,2.88357
United States,US,USA,2016,2.83676
United States,US,USA,2015,2.77328
United States,US,USA,2014,2.70881
United States,US,USA,2013,2.69592
United States,US,USA,2012,2.67273
United States,US,USA,2011,2.73803
United States,US,USA,2010,2.71444
United States,US,USA,2009,2.79181
United States,US,USA,2008,2.74481
United States,US,USA,2007,2.61516
United States,US,USA,2006,2.54545
United States,US,USA,2005,2.50193
United States,US,USA,2004,2.48686
United States,US,USA,2003,2.55015
United States,US,USA,2002,2.54745
United States,US,USA,2001,2.63715
United States,US,USA,2000,2.61983
Uruguay,UY,URY,2022,0.62592
Uruguay,UY,URY,2021,0.61447
Uruguay,UY,URY,2020,0.67468
Uruguay,UY,URY,2019,0.56805
Uruguay,UY,URY,2018,0.50484
Uruguay,UY,URY,2017,0.44052
Uruguay,UY,URY,2016,0.37391
Uruguay,UY,URY,2015,0.35109
Uruguay,UY,URY,2014,0.31707
Uruguay,UY,URY,2013,0.29118
Uruguay,UY,URY,2012,0.30808
Uruguay,UY,URY,2011,0.32962
Uruguay,UY,URY,2010,0.32882
Uruguay,UY,URY,2009,0.40239
Uruguay,UY,URY,2008,0.37441
Uruguay,UY,URY,2007,0.42159
Uruguay,UY,URY,2006,0.36385
Uruguay,UY,URY,2005,0.46031
Uruguay,UY,URY,2002,0.23818
Uruguay,UY,URY,2000,0.20925
Uzbekistan,UZ,UZB,2023,0.12527
Uzbekistan,UZ,UZB,2022,0.15874
Uzbekistan,UZ,UZB,2021,0.1316
Uzbekistan,UZ,UZB,2020,0.1385
Uzbekistan,UZ,UZB,2019,0.11306
Uzbekistan,UZ,UZB,2018,0.12394
Uzbekistan,UZ,UZB,2017,0.14834
Uzbekistan,UZ,UZB,2016,0.17238
Uzbekistan,UZ,UZB,2015,0.16497
Uzbekistan,UZ,UZB,2014,0.15335
Uzbekistan,UZ,UZB,2013,0.155
Uzbekistan,UZ,UZB,2012,0.15512
Uzbekistan,UZ,UZB,2011,0.14877
Uzbekistan,UZ,UZB,2010,0.1543
Uzbekistan,UZ,UZB,2009,0.20315
Uzbekistan,UZ,UZB,2008,0.19354
Uzbekistan,UZ,UZB,2007,0.21721
Uzbekistan,UZ,UZB,2006,0.22395
Uzbekistan,UZ,UZB,2005,0.23741
Uzbekistan,UZ,UZB,2004,0.27041
Uzbekistan,UZ,UZB,2003,0.26825
Uzbekistan,UZ,UZB,2002,0.29356
Uzbekistan,UZ,UZB,2001,0.34544
Uzbekistan,UZ,UZB,2000,0.36063
"Venezuela, RB",VE,VEN,2016,0.69
"Venezuela, RB",VE,VEN,2015,0.44
"Venezuela, RB",VE,VEN,2014,0.33713
"Venezuela, RB",VE,VEN,2013,0.31853
"Venezuela, RB",VE,VEN,2012,0.2501
"Venezuela, RB",VE,VEN,2011,0.15296
"Venezuela, RB",VE,VEN,2010,0.18823
"Venezuela, RB",VE,VEN,2009,0.24014
"Venezuela, RB",VE,VEN,2008,0.23803
"Venezuela, RB",VE,VEN,2007,0.2011
"Venezuela, RB",VE,VEN,2006,0.31742
"Venezuela, RB",VE,VEN,2005,0.18907
Viet Nam,VN,VNM,2021,0.42494
Viet Nam,VN,VNM,2019,0.41652
Viet Nam,VN,VNM,2017,0.41895
Viet Nam,VN,VNM,2015,0.35629
Viet Nam,VN,VNM,2013,0.29932
Viet Nam,VN,VNM,2011,0.14955
Viet Nam,VN,VNM,2002,0.19273
Virgin Islands (U.S.),VI,VIR,2007,0.02717
Virgin Islands (U.S.),VI,VIR,2006,0.03122
Virgin Islands (U.S.),VI,VIR,2005,0.02936
Virgin Islands (U.S.),VI,VIR,2004,0.03424
Virgin Islands (U.S.),VI,VIR,2003,0.03776
Virgin Islands (U.S.),VI,VIR,2002,0.06617
West Bank and Gaza,PS,PSE,2013,0.45434
West Bank and Gaza,PS,PSE,2010,0.36156
West Bank and Gaza,PS,PSE,2009,0.35646
West Bank and Gaza,PS,PSE,2008,0.14914
West Bank and Gaza,PS,PSE,2007,0.19723
Zambia,ZM,ZMB,2008,0.27819
Zambia,ZM,ZMB,2005,0.02493
Zambia,ZM,ZMB,2004,0.02223
Zambia,ZM,ZMB,2003,0.00847
Zambia,ZM,ZMB,2002,0.00544
